372.5372009277344 52.405731201171875 3058.19677734375
372.6078796386719 90.95228576660156 3044.285888671875
400.8543701171875 91.48564147949219 3052.20361328125
412.44854736328125 148.06906127929688 3097.52392578125
419.7142028808594 197.38241577148438 2998.6240234375
344.21405029296875 90.41610717773438 3036.3681640625
330.7025451660156 144.4106903076172 3072.60009765625
327.3936767578125 200.1234130859375 3014.23388671875
372.7664489746094 130.34722900390625 3023.52685546875
391.6698913574219 170.50424194335938 3007.945556640625
390.58612060546875 250.24993896484375 3081.922119140625
392.5129699707031 325.4731750488281 3043.238037109375
354.1197509765625 170.0687713623047 2997.590087890625
354.23284912109375 250.40283203125 3063.110595703125
352.64739990234375 325.9710693359375 3062.4619140625
372.347900390625 50.45733642578125 3056.622802734375
373.4790954589844 93.01359558105469 3049.93798828125
401.5850830078125 94.16845703125 3060.158203125
412.2843017578125 149.40478515625 3099.285400390625
417.3769836425781 198.61656188964844 2987.4873046875
345.1841125488281 91.8509521484375 3039.7177734375
331.110107421875 144.2972412109375 3072.02978515625
327.6044921875 200.0423126220703 3014.425537109375
373.1178894042969 131.93527221679688 3022.03076171875
391.5002746582031 172.17784118652344 3000.808837890625
390.9219970703125 251.9156494140625 3078.403076171875
392.3280029296875 327.92071533203125 3043.08447265625
353.9156799316406 170.98451232910156 2987.438232421875
354.03704833984375 251.68231201171875 3049.808349609375
353.17645263671875 327.0769958496094 3057.12158203125
372.48248291015625 51.96409606933594 3055.349853515625
373.28778076171875 92.64073181152344 3048.612548828125
401.408203125 93.42367553710938 3059.050537109375
411.56683349609375 147.39712524414062 3101.301513671875
415.7563781738281 196.79190063476562 2986.803955078125
344.9741516113281 91.85238647460938 3038.174560546875
331.2076721191406 145.25888061523438 3073.611083984375
327.23028564453125 200.87208557128906 3014.044921875
373.3307800292969 131.9180908203125 3027.057861328125
392.0477294921875 172.09945678710938 3012.32861328125
391.45196533203125 250.94796752929688 3102.627197265625
392.9018859863281 325.2586975097656 3062.187744140625
354.61602783203125 171.41659545898438 2998.677734375
354.9561767578125 251.5181884765625 3068.72607421875
353.9713439941406 324.86669921875 3080.86767578125
373.0472106933594 52.27964782714844 3056.212890625
373.2279968261719 91.95979309082031 3048.027587890625
401.42279052734375 92.64219665527344 3056.236328125
411.33538818359375 145.85446166992188 3102.81591796875
415.2806396484375 195.54759216308594 2989.6552734375
344.8809509277344 91.27372741699219 3039.81884765625
331.04180908203125 145.6795654296875 3075.709716796875
327.1063232421875 201.10850524902344 3012.86279296875
373.1779479980469 131.34910583496094 3028.326171875
391.823486328125 171.56552124023438 3013.99267578125
390.6048889160156 250.36819458007812 3105.171875
392.2192077636719 325.20428466796875 3050.018310546875
354.36407470703125 170.94186401367188 3003.2568359375
354.1477355957031 251.18869018554688 3066.2734375
352.75592041015625 325.1609191894531 3070.377197265625
373.04998779296875 52.149810791015625 3055.63720703125
373.0928955078125 91.54412841796875 3047.646240234375
401.32611083984375 92.16903686523438 3054.7333984375
413.83856201171875 144.69918823242188 3123.2470703125
414.7210388183594 192.3177490234375 2993.8740234375
344.72802734375 90.91632080078125 3040.55908203125
331.0530090332031 145.00621032714844 3078.46630859375
326.67681884765625 200.18650817871094 3012.56396484375
372.9979248046875 131.01815795898438 3029.4541015625
391.60137939453125 171.26095581054688 3015.896240234375
390.6153564453125 250.50140380859375 3095.931884765625
392.6429138183594 325.0095520019531 3048.578369140625
354.1445617675781 170.67637634277344 3006.627685546875
354.0588073730469 250.91091918945312 3067.892578125
352.45379638671875 325.5248107910156 3065.772705078125
373.5826110839844 52.0147705078125 3042.86181640625
373.1872253417969 91.69093322753906 3041.97705078125
401.5320129394531 92.27037048339844 3046.75537109375
412.634765625 143.58889770507812 3114.468017578125
414.7812805175781 192.1887664794922 2992.0947265625
344.7532653808594 91.10968017578125 3037.19873046875
330.897216796875 144.9539794921875 3081.97998046875
326.06243896484375 200.11962890625 3017.773681640625
372.8520812988281 131.52622985839844 3030.462890625
391.2034606933594 171.9647216796875 3022.07373046875
390.46490478515625 251.05426025390625 3101.94921875
392.6529235839844 325.63421630859375 3053.518798828125
353.7865905761719 171.3654327392578 3015.82373046875
353.73931884765625 251.44711303710938 3074.19580078125
352.54010009765625 325.9550476074219 3066.409912109375
373.0078430175781 52.854705810546875 3048.9794921875
372.9434509277344 92.0462646484375 3044.524658203125
401.247802734375 92.48333740234375 3050.1083984375
412.01556396484375 143.9200439453125 3105.87744140625
415.07513427734375 193.05734252929688 2986.408935546875
344.53509521484375 91.60760498046875 3038.94091796875
330.89581298828125 145.43190002441406 3082.427001953125
325.2421875 200.81265258789062 3024.61181640625
372.9147033691406 131.75015258789062 3030.462158203125
391.5785217285156 172.0164337158203 3020.051025390625
391.399169921875 251.43289184570312 3092.94140625
393.0749206542969 326.1332702636719 3043.640380859375
354.1475830078125 171.63157653808594 3012.748291015625
354.3775939941406 252.10104370117188 3060.114990234375
353.3315734863281 327.06781005859375 3055.031494140625
372.96240234375 53.43951416015625 3053.541748046875
373.0062561035156 92.1866455078125 3046.576416015625
401.2803039550781 92.59632873535156 3052.6572265625
415.39324951171875 143.79991149902344 3120.0322265625
414.5054931640625 190.99249267578125 2987.3271484375
344.619140625 91.77534484863281 3040.49560546875
330.3209228515625 146.32052612304688 3080.4853515625
323.98114013671875 201.61415100097656 3020.93505859375
373.08642578125 131.79421997070312 3030.803955078125
391.8620300292969 171.982177734375 3019.0078125
391.00445556640625 251.48019409179688 3090.85400390625
393.1081848144531 325.1781005859375 3048.775634765625
354.42340087890625 171.64974975585938 3011.05517578125
354.2836608886719 252.08084106445312 3061.732177734375
353.6619873046875 326.5924987792969 3061.352783203125
373.0182800292969 51.88525390625 3054.693115234375
373.0384216308594 90.9359130859375 3049.71484375
401.3052978515625 91.17779541015625 3054.92138671875
413.20635986328125 143.44378662109375 3107.98583984375
417.2640686035156 192.53802490234375 2989.64306640625
344.67486572265625 90.69320678710938 3044.50830078125
326.4239196777344 146.9180450439453 3096.52734375
317.1586608886719 202.45458984375 3048.6044921875
373.27923583984375 130.525390625 3034.435791015625
392.2044982910156 170.5857696533203 3022.5615234375
391.1067810058594 249.95745849609375 3096.405029296875
393.1361999511719 324.0372314453125 3051.61279296875
354.79833984375 170.44515991210938 3015.751953125
354.0594482421875 250.47125244140625 3076.184326171875
353.62078857421875 326.6497497558594 3066.206298828125
372.2486877441406 52.38847351074219 3054.8291015625
372.15106201171875 91.37544250488281 3049.12841796875
400.4240417480469 91.64060974121094 3054.429931640625
412.1971740722656 146.26632690429688 3104.448486328125
416.13909912109375 195.84210205078125 2982.390869140625
343.77960205078125 91.10935974121094 3043.826904296875
323.8999938964844 149.16851806640625 3108.1982421875
310.4808349609375 204.67837524414062 3062.434326171875
372.35321044921875 130.99844360351562 3034.337890625
391.2371520996094 171.09349060058594 3023.01416015625
389.8145446777344 250.762451171875 3087.7294921875
391.8287048339844 326.29791259765625 3050.43359375
353.83465576171875 170.92555236816406 3016.08056640625
352.9281311035156 251.19784545898438 3067.78759765625
352.5615234375 328.62347412109375 3063.95263671875
371.9347839355469 52.2655029296875 3054.445556640625
371.82769775390625 91.3603515625 3049.01220703125
400.11517333984375 91.67713928222656 3053.814208984375
411.8054504394531 145.632568359375 3109.99169921875
414.36688232421875 195.4076385498047 2987.843994140625
343.4509582519531 91.04255676269531 3044.210205078125
321.40496826171875 151.39865112304688 3107.109375
306.73187255859375 207.0886688232422 3072.75634765625
371.9100341796875 130.9956817626953 3034.44921875
390.6796569824219 171.1398162841797 3023.0263671875
390.0948486328125 250.835205078125 3087.155517578125
392.2286682128906 325.5154113769531 3051.564208984375
353.2677917480469 170.886474609375 3016.74609375
353.5669860839844 250.96600341796875 3074.05224609375
352.7281188964844 327.1269836425781 3065.025634765625
371.55908203125 52.6236572265625 3055.30908203125
371.4552001953125 91.55349731445312 3048.80810546875
399.747802734375 91.89358520507812 3053.517333984375
411.5135803222656 145.33035278320312 3108.3154296875
412.9676208496094 195.935546875 2993.618896484375
343.0750427246094 91.21232604980469 3044.098876953125
320.26318359375 152.3817138671875 3108.612060546875
304.9794921875 208.28533935546875 3082.5810546875
371.5029602050781 131.1678466796875 3033.696044921875
390.247802734375 171.3224334716797 3021.66357421875
390.47796630859375 250.9267578125 3088.98779296875
392.2183532714844 325.9361572265625 3053.40869140625
352.8164367675781 171.03494262695312 3015.50439453125
353.58251953125 251.29913330078125 3067.95947265625
352.6236572265625 328.5816650390625 3066.95654296875
372.1883850097656 52.29377746582031 3056.224609375
371.7102966308594 91.30865478515625 3049.6279296875
400.06951904296875 91.74459838867188 3050.332763671875
411.32098388671875 145.583251953125 3110.765869140625
411.9652404785156 196.3018798828125 2996.887939453125
343.33795166015625 90.87246704101562 3048.923095703125
318.5588073730469 152.236572265625 3105.840087890625
304.10748291015625 208.83953857421875 3090.514404296875
371.29534912109375 130.88848876953125 3034.15966796875
389.62066650390625 171.1499481201172 3019.15234375
389.9005126953125 250.81100463867188 3086.98046875
392.03216552734375 325.7073974609375 3049.320068359375
352.1259460449219 170.5978546142578 3018.23046875
353.61602783203125 250.71658325195312 3073.16064453125
352.01861572265625 326.5196533203125 3067.281494140625
372.17022705078125 52.21723937988281 3058.657958984375
371.7002258300781 91.0118408203125 3050.917236328125
400.0365905761719 91.52519226074219 3052.402587890625
411.2638244628906 145.66329956054688 3112.254638671875
411.70989990234375 196.20603942871094 2996.162353515625
343.3362731933594 90.49798583984375 3049.431884765625
319.08319091796875 150.31089782714844 3103.913330078125
303.89935302734375 205.94485473632812 3081.750732421875
371.245849609375 130.55145263671875 3034.95849609375
389.51300048828125 170.82275390625 3019.970947265625
390.7198181152344 250.34689331054688 3090.42041015625
392.4722595214844 325.5258483886719 3050.700439453125
352.0483093261719 170.19517517089844 3018.028564453125
353.8581848144531 250.52804565429688 3065.708740234375
353.5314025878906 327.1724548339844 3068.545166015625
372.31683349609375 52.52030944824219 3056.864013671875
371.9607238769531 91.39129638671875 3050.2158203125
400.3237609863281 91.9111328125 3050.77490234375
411.16717529296875 145.6974639892578 3109.35595703125
411.65478515625 196.39776611328125 2994.12744140625
343.5872497558594 90.87126159667969 3049.65673828125
319.80279541015625 148.78256225585938 3102.46728515625
304.09039306640625 203.69227600097656 3077.7919921875
371.417236328125 130.9572296142578 3034.601318359375
389.607666015625 171.2662811279297 3019.352294921875
390.7262268066406 250.65774536132812 3093.4794921875
392.751953125 325.85174560546875 3051.8232421875
352.1240539550781 170.59852600097656 3018.621337890625
354.01373291015625 250.797119140625 3070.3349609375
353.42987060546875 326.8175964355469 3063.947265625
372.29412841796875 51.98695373535156 3057.97021484375
371.8204040527344 90.88197326660156 3051.172607421875
400.13568115234375 91.47557067871094 3053.614501953125
411.1243591308594 145.8912353515625 3112.968994140625
411.5867004394531 196.31768798828125 2995.187744140625
343.4597473144531 90.28741455078125 3048.730712890625
320.0907897949219 147.91224670410156 3104.72607421875
304.227783203125 202.3662109375 3076.012939453125
371.32586669921875 130.44363403320312 3035.764892578125
389.537841796875 170.75917053222656 3021.9541015625
390.9228515625 250.22381591796875 3092.6259765625
392.7905578613281 325.08795166015625 3052.31689453125
352.0949401855469 170.05833435058594 3018.76025390625
354.1320495605469 250.27200317382812 3070.23828125
353.00091552734375 326.4258117675781 3062.32958984375
372.6846008300781 52.17759704589844 3057.024169921875
372.2106628417969 91.163818359375 3050.459716796875
400.5096435546875 91.71418762207031 3054.0166015625
411.12030029296875 145.54885864257812 3111.27099609375
411.96356201171875 196.06231689453125 2994.04443359375
343.84564208984375 90.61215209960938 3046.90283203125
320.30712890625 147.6888427734375 3103.3525390625
303.6123962402344 201.9949493408203 3074.49609375
371.8704833984375 130.743408203125 3035.16259765625
390.2276916503906 171.02645874023438 3022.19140625
392.19921875 250.63116455078125 3088.141845703125
393.44732666015625 326.29949951171875 3049.599853515625
352.7972106933594 170.42105102539062 3017.53955078125
354.87042236328125 250.78158569335938 3064.738525390625
353.9285583496094 327.50274658203125 3061.86865234375
372.6411437988281 52.86619567871094 3059.063720703125
372.0400695800781 91.60581970214844 3051.24951171875
400.3499450683594 92.21360778808594 3053.985595703125
411.1470031738281 145.80213928222656 3108.872314453125
411.75750732421875 196.17514038085938 2989.6337890625
343.67938232421875 90.99693298339844 3048.513427734375
319.88031005859375 148.36386108398438 3104.69580078125
301.50341796875 202.66769409179688 3074.1435546875
371.56561279296875 131.11431884765625 3034.6484375
389.8085632324219 171.4123077392578 3019.836669921875
391.2296447753906 250.95962524414062 3089.284912109375
392.1906433105469 325.3675537109375 3047.832763671875
352.3411560058594 170.70213317871094 3016.258056640625
353.7915954589844 251.19436645507812 3060.206787109375
352.6087646484375 327.43634033203125 3063.753662109375
372.8524475097656 52.1800537109375 3056.56005859375
372.1004333496094 91.142822265625 3050.507080078125
400.3873291015625 91.89598083496094 3054.46728515625
411.15631103515625 146.22686767578125 3110.158447265625
412.5185852050781 196.10302734375 2985.58837890625
343.739990234375 90.38768005371094 3046.546875
319.6689758300781 148.7127685546875 3105.83447265625
300.6644287109375 202.98255920410156 3079.26025390625
371.4954528808594 130.74398803710938 3035.826171875
389.57196044921875 171.15939331054688 3023.735107421875
390.9537048339844 250.54681396484375 3095.036376953125
392.1915588378906 324.9544982910156 3054.474853515625
352.16522216796875 170.29989624023438 3018.555419921875
353.9621887207031 250.67391967773438 3064.68359375
353.1710205078125 326.27655029296875 3066.30517578125
372.6305236816406 52.79393005371094 3055.3095703125
372.0054626464844 91.7208251953125 3049.433349609375
400.2838439941406 92.55850219726562 3054.145263671875
411.0953063964844 146.16189575195312 3108.659912109375
412.9033203125 196.01461791992188 2983.4326171875
343.6395568847656 90.88050842285156 3044.721435546875
319.9148254394531 148.36282348632812 3103.89453125
301.8321533203125 202.73121643066406 3076.47216796875
371.3359375 131.3510284423828 3035.026123046875
389.3398742675781 171.83143615722656 3023.7001953125
390.6898193359375 251.2398681640625 3094.1748046875
392.3088073730469 326.3521423339844 3050.265625
351.94207763671875 170.88613891601562 3017.53759765625
353.6947937011719 251.25567626953125 3064.618408203125
353.2787780761719 326.78692626953125 3059.99462890625
372.6784362792969 53.70625305175781 3055.198486328125
371.833984375 92.37313842773438 3049.02001953125
400.11444091796875 93.35023498535156 3053.685302734375
411.2046813964844 146.30682373046875 3108.760498046875
412.60943603515625 196.08059692382812 2982.742431640625
343.4668273925781 91.39305114746094 3044.354736328125
319.7617492675781 150.47373962402344 3102.453857421875
302.4194030761719 205.45040893554688 3067.126708984375
370.9637145996094 131.99644470214844 3034.3671875
388.769775390625 172.56939697265625 3022.76513671875
390.11138916015625 251.95169067382812 3094.149658203125
392.2299499511719 326.5423583984375 3048.232421875
351.36248779296875 171.43800354003906 3016.66357421875
353.4888916015625 251.71759033203125 3066.986328125
352.6290588378906 327.642578125 3058.628662109375
373.135009765625 53.73561096191406 3057.13232421875
372.01025390625 92.38916015625 3050.148193359375
400.27874755859375 93.51127624511719 3054.6845703125
411.169677734375 146.9735870361328 3112.752685546875
412.06634521484375 196.39834594726562 2983.8095703125
343.65753173828125 91.26368713378906 3045.61181640625
319.3282470703125 151.93511962890625 3103.2265625
302.854248046875 207.40267944335938 3070.815673828125
370.92095947265625 131.99940490722656 3035.66650390625
388.49615478515625 172.6525115966797 3024.1513671875
390.8192443847656 251.94338989257812 3095.85498046875
392.5684814453125 325.568603515625 3048.963134765625
351.1095886230469 171.32492065429688 3018.21826171875
353.7441101074219 251.64630126953125 3065.119140625
352.7999572753906 327.15533447265625 3059.30029296875
373.45526123046875 53.22877502441406 3057.10986328125
372.2408752441406 91.96220397949219 3049.763427734375
400.5254211425781 93.1549072265625 3053.62548828125
411.2552490234375 147.00881958007812 3112.662353515625
412.2143249511719 196.23439025878906 2981.677001953125
343.8846130371094 90.7664794921875 3045.9013671875
319.28240966796875 152.53851318359375 3102.13525390625
303.0462341308594 208.42298889160156 3068.674072265625
371.0027160644531 131.55743408203125 3034.98583984375
388.44024658203125 172.26158142089844 3022.73388671875
390.8577575683594 251.48635864257812 3097.17626953125
392.99945068359375 325.04095458984375 3045.372802734375
351.0333557128906 170.81747436523438 3017.6826171875
354.28436279296875 251.150634765625 3064.121826171875
352.52313232421875 326.5196228027344 3057.343017578125
372.85101318359375 53.834564208984375 3056.6005859375
372.26605224609375 92.39132690429688 3049.11083984375
400.54962158203125 93.13273620605469 3053.653564453125
411.1811828613281 147.04855346679688 3112.4287109375
412.3577880859375 196.2503204345703 2981.049072265625
343.8980712890625 91.647705078125 3044.568115234375
320.61151123046875 152.849365234375 3098.078857421875
303.79656982421875 208.54086303710938 3070.441162109375
371.73626708984375 131.9776611328125 3033.634765625
389.8997802734375 172.38186645507812 3021.1298828125
392.37969970703125 251.48385620117188 3099.339599609375
394.4415588378906 325.7843322753906 3049.27392578125
352.46539306640625 171.55731201171875 3015.1875
355.5818176269531 251.82989501953125 3065.7412109375
354.2556457519531 328.5160217285156 3055.445068359375
372.85699462890625 53.06532287597656 3056.8232421875
372.5258483886719 91.94113159179688 3050.239990234375
400.8083190917969 92.52815246582031 3054.564208984375
411.22705078125 146.57037353515625 3113.66796875
412.3307189941406 196.0536651611328 2985.513427734375
344.1631164550781 91.35244750976562 3045.915771484375
321.72991943359375 153.07318115234375 3095.02734375
304.15478515625 208.4862823486328 3066.30078125
372.18756103515625 131.55294799804688 3035.58056640625
390.5291442871094 171.86251831054688 3023.748779296875
391.4130859375 251.04937744140625 3099.641845703125
393.920654296875 324.77032470703125 3052.548583984375
353.1278381347656 171.2352752685547 3018.093505859375
354.65625 251.35336303710938 3072.53173828125
353.1502380371094 326.8738708496094 3060.87060546875
373.0323181152344 53.09498596191406 3057.47216796875
372.65240478515625 91.89013671875 3051.0390625
400.92041015625 92.4234619140625 3055.7294921875
411.2019958496094 146.0825653076172 3112.558837890625
412.33758544921875 195.4722900390625 2983.462646484375
344.2973327636719 91.35513305664062 3046.3486328125
322.3296813964844 152.87255859375 3099.523193359375
304.3219909667969 208.4172821044922 3078.9580078125
372.43072509765625 131.4663543701172 3035.765380859375
390.8890380859375 171.714599609375 3023.558837890625
390.9461975097656 251.01327514648438 3097.420166015625
393.5867004394531 325.2238464355469 3051.28759765625
353.4866027832031 171.1705322265625 3017.424560546875
354.3330993652344 251.53060913085938 3064.559326171875
353.0548095703125 326.54254150390625 3058.82958984375
372.7794189453125 52.84571838378906 3056.77294921875
372.5094909667969 91.67898559570312 3050.25634765625
400.75335693359375 92.24403381347656 3056.190673828125
411.131591796875 146.082763671875 3116.24755859375
412.759765625 195.66180419921875 2989.54736328125
344.155517578125 91.11174011230469 3044.322021484375
323.117919921875 153.23516845703125 3105.748779296875
304.45843505859375 208.33331298828125 3082.957275390625
372.3416748046875 131.27569580078125 3035.19677734375
390.83935546875 171.53863525390625 3024.01806640625
390.673095703125 250.86883544921875 3097.156494140625
393.2833557128906 325.4021911621094 3050.18408203125
353.4570007324219 170.99530029296875 3016.25634765625
353.98736572265625 251.41241455078125 3063.1044921875
352.7685852050781 325.1121520996094 3060.05126953125
372.1259460449219 53.0482177734375 3057.91552734375
371.88763427734375 91.75225830078125 3050.65625
400.1295166015625 92.35467529296875 3056.587890625
411.19317626953125 145.92019653320312 3117.9599609375
412.5545349121094 195.67010498046875 2993.42529296875
343.53570556640625 91.14749145507812 3044.724609375
323.3141784667969 153.0543975830078 3102.368896484375
304.51519775390625 208.26934814453125 3080.1376953125
371.6627502441406 131.34487915039062 3035.60986328125
390.1007385253906 171.62799072265625 3024.4423828125
389.86468505859375 250.99981689453125 3096.299560546875
392.4290771484375 325.16290283203125 3051.2958984375
352.7225036621094 171.03509521484375 3016.6845703125
353.417236328125 251.44345092773438 3063.607177734375
352.7820739746094 324.662841796875 3059.531005859375
372.311767578125 52.29852294921875 3058.376220703125
371.9892272949219 91.18833923339844 3051.393798828125
400.2247009277344 91.78990173339844 3057.3203125
413.3934326171875 146.06192016601562 3139.945068359375
411.8467102050781 192.96319580078125 2996.38427734375
343.6438903808594 90.58444213867188 3045.46728515625
323.3809814453125 150.84921264648438 3100.068115234375
305.34759521484375 205.85858154296875 3076.452392578125
371.7614440917969 130.7838134765625 3036.677734375
390.1884460449219 171.0605010986328 3025.837158203125
390.8335876464844 250.39999389648438 3097.4990234375
393.0790710449219 324.4893798828125 3050.33642578125
352.82647705078125 170.46864318847656 3018.086181640625
353.9918212890625 250.88394165039062 3063.553955078125
353.5412292480469 325.1094970703125 3065.461181640625
372.38287353515625 52.22291564941406 3056.6884765625
372.1310119628906 91.35107421875 3051.1640625
400.36505126953125 91.92245483398438 3057.23876953125
412.44036865234375 145.32391357421875 3130.242919921875
412.1471862792969 193.61468505859375 2996.40283203125
343.7843322753906 90.77743530273438 3045.08935546875
323.4183044433594 149.13063049316406 3099.98681640625
305.9722595214844 204.2111358642578 3078.3798828125
371.94720458984375 130.98072814941406 3037.1162109375
390.409912109375 171.25155639648438 3027.041015625
390.7508544921875 250.738037109375 3093.93408203125
393.2402648925781 325.6082763671875 3049.791748046875
353.06439208984375 170.70509338378906 3019.095703125
354.3469543457031 251.27801513671875 3056.6728515625
353.8559875488281 325.5766296386719 3066.6591796875
372.700439453125 51.833465576171875 3055.345703125
372.33599853515625 91.08416748046875 3050.5927734375
400.56768798828125 91.6549072265625 3056.9482421875
411.73480224609375 145.87606811523438 3118.77978515625
412.32305908203125 195.15576171875 2991.226318359375
343.9864501953125 90.51106262207031 3044.2373046875
323.4556884765625 148.3484344482422 3102.916748046875
306.2833251953125 203.33087158203125 3073.910400390625
372.1729736328125 130.7325439453125 3036.818359375
390.65240478515625 171.009765625 3027.199951171875
391.2825012207031 250.51388549804688 3093.598876953125
393.2475280761719 325.7214660644531 3050.496826171875
353.3131408691406 170.47396850585938 3018.887939453125
354.6121520996094 250.94830322265625 3060.94091796875
353.4906311035156 324.40374755859375 3067.6494140625
372.2295837402344 51.43974304199219 3057.2490234375
372.08868408203125 90.44537353515625 3051.894287109375
400.3099365234375 90.97160339355469 3058.2265625
411.4089660644531 145.67095947265625 3117.33837890625
411.9114685058594 195.32032775878906 2992.76025390625
343.75006103515625 89.91696166992188 3045.56201171875
323.4579772949219 150.013916015625 3101.997314453125
305.66021728515625 205.11410522460938 3064.69189453125
371.99835205078125 130.04693603515625 3037.51123046875
390.55145263671875 170.26409912109375 3027.26904296875
390.827880859375 249.8167724609375 3092.942138671875
393.0175476074219 324.9561767578125 3049.80126953125
353.2117919921875 169.785888671875 3018.9873046875
354.3095397949219 250.24325561523438 3062.324462890625
352.7900390625 324.9339294433594 3063.540771484375
372.1007080078125 52.00846862792969 3056.161376953125
372.09246826171875 90.993896484375 3051.48828125
400.28076171875 91.56607055664062 3059.1298828125
411.4189147949219 144.5294952392578 3120.25537109375
412.0438537597656 194.00146484375 2994.43994140625
343.7626647949219 90.4188232421875 3043.8466796875
323.4814147949219 151.28585815429688 3104.48583984375
305.15264892578125 206.536376953125 3065.4638671875
372.0362548828125 130.61788940429688 3037.42333984375
390.6014404296875 170.857177734375 3028.355712890625
390.502197265625 250.07867431640625 3101.655517578125
392.9684143066406 325.8671569824219 3048.9140625
353.2959289550781 170.36312866210938 3018.361083984375
354.0779724121094 250.732421875 3065.434326171875
353.4421081542969 325.6296081542969 3062.558349609375
371.9422607421875 52.82917785644531 3056.606201171875
371.78826904296875 91.54362487792969 3051.265625
399.9931640625 92.10562133789062 3058.422607421875
411.26312255859375 145.30015563964844 3118.62255859375
412.1981506347656 194.68148803710938 2991.0087890625
343.4508056640625 90.97897338867188 3044.108642578125
323.4953918457031 152.10488891601562 3105.763916015625
304.9082336425781 207.3291015625 3068.676513671875
371.70062255859375 131.18089294433594 3037.3779296875
390.2409973144531 171.43040466308594 3028.17041015625
390.34246826171875 250.6837158203125 3100.541259765625
392.6541748046875 326.12054443359375 3046.237548828125
352.925537109375 170.93341064453125 3018.81005859375
353.8106689453125 251.33868408203125 3063.8740234375
352.9512023925781 325.8941650390625 3061.53564453125
372.5488586425781 52.69706726074219 3055.856689453125
371.7549743652344 91.6705322265625 3051.2451171875
399.9920349121094 92.57179260253906 3056.7890625
411.12567138671875 145.9443359375 3114.24072265625
412.78265380859375 195.9988555908203 2992.4150390625
343.41510009765625 90.76597595214844 3045.701171875
323.296142578125 152.52059936523438 3102.90283203125
304.7666320800781 207.71014404296875 3067.00244140625
371.04620361328125 131.3131103515625 3037.748779296875
388.97760009765625 171.80929565429688 3027.87841796875
389.5265197753906 251.29348754882812 3093.69482421875
391.88543701171875 326.2095642089844 3045.90966796875
351.6398620605469 170.80862426757812 3020.62646484375
352.86419677734375 251.219482421875 3063.59423828125
352.02484130859375 325.11468505859375 3061.89306640625
373.0541687011719 52.2598876953125 3055.471435546875
371.8854675292969 91.43162536621094 3051.428955078125
400.15936279296875 92.4388427734375 3055.181884765625
410.92950439453125 147.0775604248047 3114.196044921875
412.64959716796875 197.0079803466797 2990.408447265625
343.54193115234375 90.42190551757812 3047.676025390625
323.1742858886719 152.73497009277344 3097.965576171875
304.6907958984375 207.99253845214844 3062.57373046875
370.8712158203125 131.10128784179688 3038.77490234375
388.5024108886719 171.70260620117188 3028.574951171875
390.48309326171875 251.14678955078125 3093.786376953125
392.4997253417969 325.8133850097656 3049.779052734375
351.164306640625 170.5018310546875 3023.666748046875
353.3622131347656 250.85748291015625 3064.793212890625
353.07464599609375 325.0159912109375 3066.566650390625
372.5118103027344 52.73567199707031 3055.78759765625
371.6317138671875 91.75025939941406 3051.3974609375
399.925537109375 92.65646362304688 3054.489013671875
411.0985107421875 146.14158630371094 3117.52880859375
412.46746826171875 196.1558380126953 2995.634521484375
343.280517578125 90.84223937988281 3048.305908203125
323.1349182128906 152.8499755859375 3099.50927734375
304.6261291503906 208.123779296875 3059.445068359375
370.7168884277344 131.39492797851562 3038.0341796875
388.4664306640625 171.9346923828125 3026.6923828125
391.05224609375 251.40713500976562 3091.846923828125
392.6714172363281 326.2700500488281 3048.147216796875
351.09649658203125 170.84434509277344 3022.6494140625
353.83038330078125 251.30474853515625 3059.63720703125
353.2477722167969 325.3904113769531 3060.745361328125
372.61871337890625 52.77000427246094 3056.4375
371.6512756347656 91.7779541015625 3050.949951171875
399.9189453125 92.7564697265625 3055.3447265625
411.0444641113281 146.41566467285156 3116.89990234375
412.039306640625 196.59548950195312 2996.62060546875
343.30206298828125 90.79660034179688 3046.55517578125
323.092041015625 152.71524047851562 3096.24951171875
304.6240539550781 208.1965789794922 3065.68310546875
370.7477722167969 131.39990234375 3036.9140625
388.5037841796875 171.9603729248047 3025.751953125
390.91021728515625 251.46124267578125 3091.1552734375
392.80035400390625 325.82464599609375 3049.552734375
351.1324157714844 170.81822204589844 3020.00439453125
353.6360168457031 251.25680541992188 3061.1005859375
353.431640625 325.7608337402344 3056.732421875
372.6440124511719 51.96452331542969 3054.749267578125
371.8022766113281 91.24143981933594 3051.109130859375
400.0423583984375 92.22613525390625 3056.61572265625
411.0587158203125 146.42718505859375 3118.005615234375
411.45465087890625 196.99978637695312 3002.55615234375
343.4601135253906 90.25318908691406 3045.6025390625
323.06866455078125 152.73910522460938 3094.60595703125
304.64208984375 208.18174743652344 3063.291259765625
370.9642639160156 130.908203125 3038.146728515625
388.758056640625 171.47000122070312 3028.78515625
390.98681640625 250.7330322265625 3098.908447265625
392.9275817871094 324.8914794921875 3054.78125
351.43560791015625 170.35845947265625 3021.58349609375
353.75518798828125 250.58575439453125 3069.313720703125
353.7228088378906 325.0242614746094 3061.255126953125
371.8479309082031 52.864898681640625 3055.4169921875
371.32342529296875 91.73277282714844 3051.253662109375
399.5664978027344 92.55406188964844 3056.7939453125
411.0347900390625 146.23501586914062 3115.91748046875
411.2208251953125 196.9991455078125 3002.350830078125
342.97760009765625 90.90850830078125 3045.71337890625
323.0377502441406 152.60092163085938 3091.3076171875
304.63873291015625 208.20272827148438 3062.51025390625
370.7218017578125 131.39340209960938 3038.03466796875
388.7585144042969 171.8474578857422 3028.438720703125
391.20404052734375 251.34432983398438 3091.82080078125
392.75030517578125 326.4981689453125 3051.042724609375
351.42657470703125 170.95281982421875 3021.192626953125
353.7306213378906 251.3726806640625 3061.55712890625
353.52203369140625 325.6029357910156 3060.948486328125
372.0245056152344 52.761016845703125 3055.252685546875
371.4742126464844 91.70903015136719 3051.200927734375
399.7017517089844 92.50286865234375 3057.410888671875
411.09869384765625 146.088134765625 3120.6083984375
411.3848876953125 196.3878936767578 3002.784912109375
343.1315612792969 90.91197204589844 3044.990966796875
322.97064208984375 153.13922119140625 3095.640869140625
304.6396789550781 208.27542114257812 3051.04296875
370.9690856933594 131.36434936523438 3037.798828125
389.09649658203125 171.78836059570312 3028.45751953125
391.5072326660156 251.03958129882812 3098.47802734375
392.94415283203125 325.5064392089844 3050.708740234375
351.77239990234375 170.95274353027344 3020.3359375
354.419677734375 251.39892578125 3060.449462890625
353.1736145019531 325.2421875 3063.807861328125
372.0006408691406 51.90232849121094 3054.15966796875
371.6217346191406 91.26277160644531 3052.462890625
399.90106201171875 91.83576965332031 3055.984619140625
414.5754089355469 145.87728881835938 3139.391845703125
410.88848876953125 193.31735229492188 3003.503173828125
343.2770690917969 90.68844604492188 3048.941162109375
322.912353515625 153.48251342773438 3093.317138671875
304.5301208496094 208.48167419433594 3043.74169921875
371.19915771484375 130.95584106445312 3040.3330078125
389.42529296875 171.28424072265625 3030.50634765625
391.4346923828125 250.62203979492188 3097.700927734375
393.0277099609375 325.3026123046875 3047.899658203125
352.0927429199219 170.6490936279297 3025.89990234375
354.3172302246094 250.93182373046875 3067.53955078125
353.35919189453125 324.2099304199219 3070.37744140625
371.95318603515625 51.75567626953125 3055.115478515625
371.72149658203125 91.12954711914062 3053.17236328125
400.0351867675781 91.52279663085938 3054.8974609375
413.1364440917969 144.1627655029297 3134.797119140625
411.576904296875 192.87277221679688 3007.76025390625
343.37579345703125 90.73587036132812 3051.447265625
323.2789001464844 151.18154907226562 3096.66455078125
305.4402770996094 206.12570190429688 3058.53466796875
371.41552734375 130.80667114257812 3040.857666015625
389.77691650390625 171.03610229492188 3029.671142578125
391.4454040527344 250.49713134765625 3094.642822265625
392.94049072265625 326.028076171875 3046.59521484375
352.4232482910156 170.57666015625 3027.414794921875
354.3089904785156 250.9215087890625 3065.30126953125
353.37921142578125 325.2875061035156 3065.9306640625
372.49151611328125 52.23442077636719 3057.11083984375
372.00128173828125 91.37152099609375 3053.6787109375
400.3255920410156 91.81210327148438 3054.692626953125
412.10980224609375 144.64385986328125 3124.2109375
411.98193359375 194.48458862304688 3004.847412109375
343.6581115722656 90.9306640625 3052.664794921875
323.3018798828125 149.66087341308594 3101.856689453125
306.00372314453125 204.39476013183594 3054.3544921875
371.58367919921875 130.9969940185547 3040.343994140625
389.84930419921875 171.2447967529297 3027.672119140625
391.0914001464844 250.7464599609375 3093.263916015625
393.0826721191406 325.87762451171875 3045.713134765625
352.46728515625 170.69822692871094 3026.346435546875
354.3213806152344 251.01416015625 3066.640625
352.7411804199219 325.34332275390625 3061.147705078125
372.2450256347656 52.56684875488281 3058.611328125
371.7301025390625 91.51689147949219 3053.544677734375
400.06109619140625 92.05903625488281 3054.250732421875
411.61151123046875 145.38153076171875 3120.072509765625
411.7266845703125 195.6358642578125 3002.9931640625
343.3860168457031 90.97447204589844 3052.838623046875
323.3108825683594 149.07318115234375 3103.948974609375
306.4286193847656 203.55821228027344 3046.4111328125
371.1553955078125 131.08456420898438 3038.92822265625
389.2821960449219 171.38055419921875 3024.7734375
390.8307189941406 250.9381103515625 3090.609619140625
392.2568664550781 327.06536865234375 3046.435791015625
351.8623352050781 170.68875122070312 3023.85009765625
353.7901916503906 250.977294921875 3067.69482421875
351.6387939453125 325.99169921875 3058.60205078125
372.322998046875 52.294525146484375 3056.342041015625
371.8163757324219 91.41806030273438 3052.427001953125
400.10833740234375 92.0408935546875 3055.39501953125
411.319091796875 145.76190185546875 3118.5478515625
412.06597900390625 195.92434692382812 2999.2568359375
343.4693603515625 90.79402160644531 3049.458984375
323.3145751953125 148.51632690429688 3105.46728515625
306.5589599609375 203.18405151367188 3054.984375
371.29681396484375 131.05438232421875 3039.00732421875
389.4466552734375 171.40232849121094 3027.52880859375
391.0980224609375 250.65682983398438 3099.2734375
392.9753112792969 325.6802062988281 3052.903076171875
352.07464599609375 170.6818084716797 3023.646484375
354.330810546875 250.97174072265625 3067.366943359375
353.1449279785156 326.0122985839844 3061.329345703125
372.66387939453125 52.374114990234375 3055.69775390625
371.83905029296875 91.51637268066406 3052.53564453125
400.07379150390625 92.41290283203125 3057.662109375
411.1188049316406 146.20240783691406 3118.38671875
412.2662353515625 196.1229705810547 2995.920166015625
343.5093078613281 90.61680603027344 3047.4091796875
323.40948486328125 148.51321411132812 3106.21875
306.70751953125 202.9624481201172 3049.23828125
371.08721923828125 131.18983459472656 3040.095947265625
388.95831298828125 171.69265747070312 3031.0087890625
390.61981201171875 251.07879638671875 3096.58984375
392.5509948730469 325.94873046875 3052.05908203125
351.6587829589844 170.68484497070312 3024.3037109375
353.8023681640625 250.923828125 3069.462646484375
352.5967712402344 325.4092102050781 3061.920166015625
372.33203125 51.48808288574219 3055.380126953125
371.7173767089844 90.79351806640625 3054.08154296875
399.9700622558594 91.56036376953125 3058.031005859375
411.1756591796875 146.027099609375 3116.645263671875
412.33917236328125 196.13246154785156 2995.73974609375
343.39154052734375 90.02470397949219 3050.132080078125
323.3621826171875 148.593505859375 3106.111328125
306.63702392578125 202.9837646484375 3040.602294921875
371.0480041503906 130.47625732421875 3042.33984375
389.0007019042969 170.90420532226562 3033.1806640625
391.37139892578125 250.39993286132812 3093.6884765625
392.9849548339844 325.39825439453125 3050.97509765625
351.7144775390625 170.02804565429688 3028.015625
354.42645263671875 250.27365112304688 3068.5966796875
353.189453125 325.4201965332031 3065.3525390625
372.59796142578125 50.275115966796875 3054.22021484375
371.9041442871094 89.87857055664062 3054.783203125
400.1801452636719 90.57461547851562 3057.462646484375
411.11181640625 145.501953125 3119.237548828125
412.34979248046875 195.39419555664062 2996.658935546875
343.5784606933594 89.18132019042969 3052.103759765625
323.407470703125 148.80633544921875 3102.051025390625
306.7596740722656 203.0927276611328 3035.733642578125
371.20635986328125 129.64930725097656 3045.4990234375
389.1144104003906 170.0753173828125 3037.967041015625
391.4761962890625 249.67657470703125 3091.791748046875
393.190673828125 325.076171875 3053.689453125
351.872802734375 169.25071716308594 3034.462646484375
354.5317077636719 249.33810424804688 3075.27294921875
353.2721252441406 324.9192810058594 3065.282470703125
372.0045166015625 51.02056884765625 3054.65673828125
371.3857116699219 90.63070678710938 3055.064697265625
399.6994323730469 91.2874755859375 3055.6923828125
411.0704345703125 144.7899932861328 3121.300048828125
412.337646484375 194.6729736328125 2999.230712890625
343.0603332519531 89.97367858886719 3054.43701171875
323.4559326171875 148.19961547851562 3104.5390625
306.6700134277344 203.06399536132812 3056.168701171875
370.59619140625 130.358642578125 3044.79296875
388.4447937011719 170.77720642089844 3034.931884765625
390.3057556152344 250.41030883789062 3090.66259765625
392.24017333984375 326.9888610839844 3043.922119140625
351.15283203125 169.9337615966797 3034.110595703125
353.7044677734375 250.16445922851562 3068.677490234375
352.20269775390625 327.23028564453125 3057.576416015625
372.7190246582031 52.40411376953125 3056.38037109375
371.7550354003906 91.52516174316406 3055.06982421875
400.08282470703125 92.30458068847656 3054.78271484375
414.65643310546875 144.9464874267578 3136.517333984375
411.58343505859375 192.7181396484375 3002.264404296875
343.43255615234375 90.74586486816406 3055.35693359375
323.2117614746094 148.1061248779297 3106.78369140625
306.6086120605469 202.81407165527344 3064.5986328125
370.73828125 131.1750946044922 3043.0361328125
388.3841247558594 171.65853881835938 3030.814697265625
390.44842529296875 251.37838745117188 3086.6005859375
392.94317626953125 327.108642578125 3042.350341796875
351.0450744628906 170.62130737304688 3031.190185546875
354.012939453125 250.89599609375 3066.383056640625
352.9080505371094 327.5179443359375 3052.040771484375
371.9496154785156 51.284027099609375 3057.222900390625
371.5528564453125 90.57196044921875 3056.624267578125
399.8773193359375 90.98045349121094 3056.111328125
412.8843994140625 145.84103393554688 3126.01171875
412.2632141113281 195.037353515625 3000.79541015625
343.23785400390625 90.16363525390625 3057.13720703125
323.2393493652344 148.02325439453125 3102.883544921875
306.5533447265625 202.68740844726562 3063.35400390625
371.038330078125 130.23733520507812 3045.298095703125
389.18048095703125 170.47679138183594 3033.636474609375
391.5549011230469 250.10055541992188 3090.481689453125
394.18682861328125 324.05279541015625 3050.042236328125
351.8636779785156 169.9210205078125 3034.307373046875
354.90594482421875 250.05828857421875 3072.210205078125
353.5787353515625 326.43231201171875 3060.586181640625
371.69287109375 52.411651611328125 3056.14990234375
371.722900390625 91.52824401855469 3055.49072265625
400.071533203125 91.65455627441406 3054.394775390625
412.0422668457031 144.5771026611328 3122.2236328125
411.85260009765625 194.78663635253906 3006.35302734375
343.39459228515625 91.40200805664062 3056.586669921875
323.3447570800781 147.7981414794922 3100.946044921875
306.5122375488281 202.64706420898438 3062.691650390625
371.568359375 131.19821166992188 3043.726806640625
390.0924072265625 171.278076171875 3031.24609375
391.7950744628906 250.91006469726562 3089.9697265625
393.919189453125 326.4604187011719 3047.22705078125
352.7417297363281 171.0740203857422 3032.6796875
354.7044982910156 251.30072021484375 3069.257080078125
353.7143249511719 328.5236511230469 3054.611328125
372.3082275390625 51.32780456542969 3055.58349609375
372.1768798828125 90.56008911132812 3055.881103515625
400.5170593261719 90.69236755371094 3055.158447265625
411.5211486816406 145.56982421875 3115.864990234375
411.7695007324219 196.40634155273438 3004.367919921875
343.8501281738281 90.4278564453125 3056.603759765625
323.30914306640625 147.8798370361328 3100.41455078125
306.5644226074219 202.56228637695312 3067.706298828125
372.0408935546875 130.2413330078125 3044.5400390625
390.5730285644531 170.3188934326172 3032.726318359375
391.7730712890625 250.0040283203125 3089.64990234375
393.3143615722656 325.1143798828125 3050.786376953125
353.2406311035156 170.1197967529297 3033.671630859375
354.634521484375 250.39443969726562 3068.123291015625
353.08563232421875 326.76617431640625 3059.615966796875
372.1214599609375 50.57539367675781 3055.80126953125
372.0793762207031 89.94892883300781 3056.8662109375
400.40789794921875 90.04388427734375 3056.3388671875
411.30322265625 144.87506103515625 3118.157470703125
412.1528625488281 196.09385681152344 3011.28564453125
343.7606201171875 89.85401916503906 3057.3935546875
323.40521240234375 147.64544677734375 3103.67138671875
306.5582275390625 202.58413696289062 3066.95751953125
372.00250244140625 129.65721130371094 3046.50244140625
390.575439453125 169.7081298828125 3035.793701171875
391.72174072265625 249.35427856445312 3091.921875
392.7423400878906 325.1017150878906 3052.76953125
353.2790832519531 169.5650177001953 3036.483642578125
354.22967529296875 249.82061767578125 3069.110595703125
352.508056640625 326.2303466796875 3061.136962890625
372.2677307128906 50.64216613769531 3055.957763671875
372.3612976074219 90.11697387695312 3056.805419921875
400.68414306640625 90.119873046875 3056.6416015625
414.7887268066406 143.68975830078125 3140.81689453125
411.78692626953125 192.0357666015625 3014.095703125
344.0414733886719 90.11407470703125 3056.96923828125
323.4521484375 146.97976684570312 3105.345703125
308.80316162109375 202.35494995117188 3066.1220703125
372.4513244628906 129.79653930664062 3045.7099609375
391.1987609863281 169.77101135253906 3034.50732421875
391.63726806640625 249.50955200195312 3089.076904296875
393.5460205078125 325.74713134765625 3046.09814453125
353.8865661621094 169.76156616210938 3034.7216796875
354.62933349609375 250.1435546875 3063.3642578125
353.28948974609375 327.3353271484375 3056.92578125
372.0261535644531 51.44398498535156 3054.522705078125
372.2911376953125 90.75039672851562 3055.138427734375
400.6037292480469 90.78909301757812 3056.262939453125
413.0267333984375 143.8699951171875 3133.08154296875
412.46649169921875 193.07537841796875 3010.0849609375
343.95770263671875 90.71168518066406 3054.013916015625
323.6565246582031 146.61795043945312 3105.16552734375
309.902587890625 202.208740234375 3069.553466796875
372.43475341796875 130.43893432617188 3043.67333984375
391.23724365234375 170.43380737304688 3032.943603515625
391.2904357910156 250.16693115234375 3088.8291015625
392.88543701171875 326.54888916015625 3043.61572265625
353.9126892089844 170.4214324951172 3031.472900390625
354.3774719238281 250.91363525390625 3058.76708984375
352.52239990234375 327.5552978515625 3061.572265625
372.53997802734375 53.47337341308594 3043.292724609375
372.7044372558594 93.06597900390625 3049.66748046875
401.0138854980469 93.28340148925781 3053.121826171875
415.71484375 144.28924560546875 3146.171875
411.7960510253906 191.2975311279297 3008.53759765625
344.3307800292969 92.84806823730469 3046.213134765625
323.5808410644531 147.49551391601562 3107.075439453125
308.72021484375 202.68145751953125 3065.2265625
372.70916748046875 133.01089477539062 3042.889404296875
391.318603515625 173.21749877929688 3038.37060546875
391.49066162109375 252.71115112304688 3095.7705078125
392.91046142578125 328.0838623046875 3053.519775390625
354.0815124511719 173.05067443847656 3033.85205078125
354.2751159667969 253.43048095703125 3062.587158203125
352.96319580078125 328.6305236816406 3063.277099609375
371.8627014160156 53.68153381347656 3049.17724609375
372.32159423828125 93.06423950195312 3052.206298828125
400.66961669921875 93.00437927246094 3052.55810546875
414.7536315917969 146.7114715576172 3131.4189453125
412.07958984375 195.1067657470703 3000.4697265625
343.967041015625 93.12411499023438 3051.8544921875
323.546630859375 148.48828125 3108.037109375
307.968994140625 203.11175537109375 3060.64599609375
372.5113830566406 132.92579650878906 3044.017578125
391.3438720703125 172.95697021484375 3036.05908203125
391.30413818359375 252.6849365234375 3087.95361328125
392.8511047363281 325.511474609375 3047.7431640625
354.0577087402344 173.04782104492188 3035.5986328125
353.9303894042969 253.5076904296875 3057.1650390625
353.09979248046875 327.02984619140625 3064.705810546875
371.979736328125 53.281890869140625 3052.147705078125
372.57958984375 92.62722778320312 3053.611572265625
400.9234619140625 92.48976135253906 3053.697265625
413.00177001953125 146.63177490234375 3122.149169921875
411.7625427246094 196.24893188476562 2999.906982421875
344.2341003417969 92.76469421386719 3053.52587890625
323.5279846191406 150.26080322265625 3108.043212890625
308.3040466308594 205.34515380859375 3068.469970703125
372.8742370605469 132.417236328125 3044.05810546875
391.8204650878906 172.36587524414062 3034.560546875
391.9142761230469 252.04592895507812 3089.59326171875
393.27313232421875 325.03399658203125 3045.03173828125
354.5203552246094 172.54971313476562 3034.44873046875
354.38128662109375 252.95211791992188 3061.055908203125
353.45562744140625 326.19329833984375 3064.341796875
372.29119873046875 53.1202392578125 3053.6201171875
372.8736267089844 92.44174194335938 3054.2978515625
401.183837890625 92.33329772949219 3055.783447265625
412.02276611328125 146.23825073242188 3118.673095703125
411.4647521972656 196.50320434570312 3001.601318359375
344.5358581542969 92.55027770996094 3052.812255859375
323.45660400390625 149.88302612304688 3112.51953125
307.580322265625 204.7903594970703 3063.706787109375
373.2431640625 132.190185546875 3043.922607421875
392.2575988769531 172.11358642578125 3034.518798828125
392.03167724609375 252.00851440429688 3082.342041015625
393.5133056640625 325.5699157714844 3049.199951171875
354.9609069824219 172.3075408935547 3032.575927734375
354.7081604003906 252.72579956054688 3061.23046875
353.6564025878906 325.9765625 3064.3564453125
372.01800537109375 52.74406433105469 3054.349365234375
372.6456298828125 92.0565185546875 3054.742431640625
400.9659729003906 91.91679382324219 3055.605224609375
411.5909729003906 145.80780029296875 3117.669921875
412.1187744140625 196.06785583496094 2999.47314453125
344.30926513671875 92.19633483886719 3053.879638671875
323.8581848144531 149.8807373046875 3111.28955078125
309.3011169433594 203.93795776367188 3047.310791015625
373.011474609375 131.7987060546875 3044.3583984375
392.0274353027344 171.70608520507812 3034.53857421875
391.1104431152344 251.534423828125 3085.07568359375
392.7030029296875 325.15716552734375 3051.139404296875
354.72528076171875 171.9197998046875 3033.41015625
353.93292236328125 252.1845703125 3068.002685546875
352.7371520996094 325.50823974609375 3062.43408203125
372.47711181640625 52.46528625488281 3054.687744140625
372.9643859863281 91.90992736816406 3055.72021484375
401.27899169921875 91.83822631835938 3056.47509765625
411.42010498046875 145.2975311279297 3114.03564453125
412.31756591796875 196.1633758544922 3001.830078125
344.63580322265625 91.98164367675781 3054.96533203125
323.6956787109375 149.5847625732422 3110.12744140625
308.3224792480469 203.84974670410156 3048.3525390625
373.2225036621094 131.65426635742188 3045.68994140625
392.1219482421875 171.60110473632812 3036.1533203125
391.25299072265625 251.37582397460938 3087.359619140625
393.028564453125 325.21966552734375 3054.65478515625
354.83660888671875 171.721435546875 3035.166015625
354.75390625 252.0078125 3066.98486328125
352.66888427734375 325.94061279296875 3063.574462890625
372.96429443359375 53.11387634277344 3054.8779296875
373.1285095214844 92.23408508300781 3054.4677734375
401.41314697265625 92.40275573730469 3057.091064453125
411.30999755859375 145.3917236328125 3117.221435546875
411.89202880859375 196.0352783203125 3002.928955078125
344.79522705078125 92.06512451171875 3051.844482421875
323.605224609375 150.53103637695312 3109.051025390625
309.96844482421875 205.802978515625 3062.669189453125
373.19427490234375 131.97445678710938 3043.912353515625
391.89276123046875 172.05743408203125 3035.072509765625
391.357666015625 251.77093505859375 3088.9814453125
392.734130859375 325.4324951171875 3050.95947265625
354.6072082519531 171.92530822753906 3031.641357421875
353.9676818847656 252.2716064453125 3064.9267578125
352.49420166015625 326.08056640625 3055.915283203125
372.7395324707031 53.30265808105469 3054.477783203125
372.9141540527344 92.52644348144531 3054.650390625
401.2317810058594 92.59922790527344 3055.6513671875
411.2044982910156 146.27391052246094 3116.173828125
411.76171875 196.98472595214844 3001.91650390625
344.57794189453125 92.45359802246094 3053.6494140625
323.7423400878906 151.37258911132812 3108.535888671875
309.6302490234375 206.70962524414062 3063.35986328125
372.9922790527344 132.26138305664062 3043.983642578125
391.7216491699219 172.3065185546875 3033.971435546875
391.35552978515625 252.13894653320312 3084.739501953125
392.89892578125 325.9031982421875 3050.928955078125
354.4122314453125 172.24502563476562 3032.662353515625
354.26312255859375 252.43698120117188 3071.19384765625
352.4390563964844 326.79815673828125 3057.239990234375
372.5995178222656 52.614013671875 3057.789794921875
372.87408447265625 91.84890747070312 3056.6513671875
401.1929931640625 91.87203979492188 3056.6982421875
411.13067626953125 146.49136352539062 3114.69482421875
411.4418640136719 197.59800720214844 3004.74658203125
344.5542907714844 91.82577514648438 3056.6044921875
324.10467529296875 150.39996337890625 3111.29150390625
310.31591796875 205.0579071044922 3068.203125
372.9595947265625 131.51223754882812 3044.95703125
391.7071533203125 171.49583435058594 3033.29345703125
391.4567565917969 251.32708740234375 3085.19091796875
393.0222473144531 324.9016418457031 3050.829833984375
354.3840026855469 171.46693420410156 3033.23193359375
354.43719482421875 251.71517944335938 3069.33544921875
352.44647216796875 326.0189514160156 3062.185546875
372.4552307128906 54.08140563964844 3056.400634765625
372.8640441894531 93.05938720703125 3055.94775390625
401.1959228515625 93.03553771972656 3055.70654296875
411.15899658203125 145.74612426757812 3110.387939453125
411.3390197753906 197.09703063964844 3002.802978515625
344.5366516113281 93.08322143554688 3056.18896484375
324.2450866699219 149.84088134765625 3106.125
310.7393798828125 203.57839965820312 3048.224365234375
372.9862976074219 132.7697296142578 3045.052001953125
391.7690124511719 172.75372314453125 3033.99853515625
391.601318359375 252.45034790039062 3088.93115234375
392.89459228515625 326.83221435546875 3051.939453125
354.4517822265625 172.77685546875 3034.31396484375
354.40625 253.13751220703125 3062.904052734375
352.93133544921875 327.380615234375 3064.885009765625
372.5685729980469 54.32453918457031 3056.706787109375
372.86480712890625 93.46099853515625 3056.218505859375
401.19915771484375 93.44366455078125 3055.73828125
411.1976318359375 146.55853271484375 3116.036376953125
411.3843078613281 197.19073486328125 3001.05859375
344.5393371582031 93.47831726074219 3056.69873046875
324.0063781738281 150.40216064453125 3111.6025390625
309.23284912109375 203.50592041015625 3041.84716796875
372.95855712890625 133.17391967773438 3045.42919921875
391.7126770019531 173.1660614013672 3034.325927734375
391.4148864746094 252.86871337890625 3088.651611328125
392.99835205078125 326.0601501464844 3048.968994140625
354.3971252441406 173.17239379882812 3034.953857421875
353.9858093261719 253.53768920898438 3062.622314453125
353.0050354003906 326.99658203125 3065.580810546875
372.7808532714844 54.71502685546875 3056.921875
372.9454650878906 93.91477966308594 3056.081298828125
401.28741455078125 93.85755920410156 3055.268310546875
413.24981689453125 147.02072143554688 3145.740478515625
410.9068908691406 193.771240234375 3003.5166015625
344.61859130859375 93.97198486328125 3056.894287109375
323.8482666015625 151.22042846679688 3109.869384765625
308.813720703125 205.44107055664062 3050.448974609375
373.0733947753906 133.61993408203125 3045.015869140625
391.869873046875 173.59100341796875 3033.418701171875
392.00048828125 253.06295776367188 3094.708740234375
393.1092224121094 326.039306640625 3047.398681640625
354.5411682128906 173.63844299316406 3034.482177734375
354.59735107421875 253.93740844726562 3065.736083984375
352.8288269042969 326.12530517578125 3063.078369140625
372.6391296386719 54.744964599609375 3056.985595703125
372.8981628417969 93.66291809082031 3056.434814453125
401.24542236328125 93.53788757324219 3055.132568359375
412.27752685546875 146.93441772460938 3132.308837890625
411.29241943359375 195.7034454345703 3004.6005859375
344.5750427246094 93.78785705566406 3057.737060546875
323.76007080078125 150.30418395996094 3107.445556640625
309.9041748046875 204.50242614746094 3050.68408203125
373.0824279785156 133.37350463867188 3045.637451171875
391.9350280761719 173.3066864013672 3033.988525390625
391.3333435058594 252.6072998046875 3100.03466796875
393.50494384765625 325.5054931640625 3045.16748046875
354.6114807128906 173.4265899658203 3035.691650390625
354.5588073730469 253.709228515625 3066.540771484375
353.5149841308594 325.4378662109375 3063.978271484375
371.9976501464844 53.769805908203125 3068.5380859375
372.5575866699219 92.30514526367188 3063.1416015625
400.8388366699219 92.05607604980469 3062.011962890625
411.67755126953125 146.83895874023438 3124.491943359375
411.2704772949219 196.55294799804688 3003.181396484375
344.29718017578125 92.55403137207031 3064.271240234375
323.61431884765625 149.79299926757812 3104.23681640625
308.6012268066406 204.0008087158203 3053.451416015625
372.9626770019531 131.74298095703125 3048.33447265625
392.0447998046875 171.42066955566406 3032.78857421875
391.266845703125 250.92706298828125 3095.112548828125
393.37640380859375 324.8851623535156 3044.096435546875
354.7077941894531 171.71087646484375 3034.26611328125
354.45556640625 252.03955078125 3065.611572265625
353.3636779785156 324.99725341796875 3059.4892578125
372.00079345703125 54.028289794921875 3061.798095703125
372.6143798828125 92.88694763183594 3060.318115234375
400.90753173828125 92.59547424316406 3059.93505859375
411.3490295410156 145.817138671875 3120.626708984375
411.384033203125 195.94525146484375 3002.220703125
344.32830810546875 93.1783447265625 3060.701171875
323.66583251953125 149.4921417236328 3108.1005859375
307.93524169921875 203.81472778320312 3061.163330078125
373.1212463378906 132.45925903320312 3047.673828125
392.28826904296875 172.1757049560547 3034.779052734375
391.156494140625 251.37258911132812 3103.773681640625
393.5040283203125 326.7518310546875 3048.126220703125
354.9795227050781 172.54693603515625 3035.280029296875
354.607177734375 252.82232666015625 3067.502197265625
353.1711120605469 327.4308166503906 3059.967041015625
372.29888916015625 53.47509765625 3072.442138671875
373.0376892089844 91.95880126953125 3064.922607421875
401.2366943359375 91.79823303222656 3066.966796875
411.29351806640625 146.04197692871094 3119.237060546875
412.1046142578125 196.5640869140625 3004.000732421875
344.801025390625 92.11956787109375 3062.87841796875
323.61175537109375 149.45240783691406 3110.5517578125
307.61822509765625 203.71119689941406 3065.0244140625
373.6127014160156 131.24075317382812 3047.426025390625
392.85394287109375 170.83529663085938 3031.266357421875
391.67840576171875 250.32662963867188 3095.4453125
393.8847351074219 324.93988037109375 3039.570556640625
355.51824951171875 171.11761474609375 3028.592529296875
354.8297119140625 251.47430419921875 3065.42529296875
353.44573974609375 324.9298400878906 3048.2958984375
372.6683349609375 54.15985107421875 3064.25244140625
373.1847229003906 93.12596130371094 3060.76123046875
401.4483947753906 92.89768981933594 3061.582275390625
411.19903564453125 145.74539184570312 3119.1923828125
411.8179931640625 196.0952606201172 3001.904052734375
344.9058837890625 93.35433959960938 3059.940185546875
323.5892333984375 148.18353271484375 3113.270751953125
309.3115234375 203.0334014892578 3065.156494140625
373.71844482421875 132.6121063232422 3046.3564453125
392.9167175292969 172.30870056152344 3032.488525390625
391.4380798339844 251.79983520507812 3095.011474609375
393.5332946777344 327.10626220703125 3046.260986328125
355.59112548828125 172.63827514648438 3031.414794921875
354.2705383300781 252.77438354492188 3072.9873046875
352.9696044921875 328.30120849609375 3060.80615234375
372.33319091796875 53.44184875488281 3058.655029296875
372.9687805175781 92.68394470214844 3059.091064453125
401.2458801269531 92.40721130371094 3060.054443359375
411.17041015625 146.84637451171875 3120.386962890625
411.85260009765625 196.74465942382812 2997.890869140625
344.6738586425781 92.96083068847656 3058.127685546875
323.7461853027344 147.49578857421875 3112.62158203125
310.2396240234375 202.33505249023438 3065.077880859375
373.5496520996094 132.31680297851562 3047.619873046875
392.767333984375 172.05030822753906 3036.77880859375
391.47967529296875 251.62005615234375 3093.6953125
393.2190246582031 324.9548645019531 3049.8154296875
355.4947509765625 172.4480743408203 3035.5185546875
354.4822692871094 252.53338623046875 3075.277099609375
352.3477783203125 325.9176940917969 3059.60546875
372.385009765625 53.59710693359375 3057.341552734375
373.1298828125 92.6370849609375 3058.55859375
401.4189453125 92.31658935546875 3059.1865234375
411.09625244140625 146.59710693359375 3117.337646484375
411.7196044921875 197.1786346435547 3001.901123046875
344.8292236328125 92.95771789550781 3057.9306640625
323.681396484375 146.95675659179688 3118.792724609375
309.653076171875 201.27442932128906 3064.9208984375
373.7353515625 132.32733154296875 3048.22705078125
392.9711608886719 172.06576538085938 3038.30615234375
392.07269287109375 251.67913818359375 3092.709228515625
393.4743347167969 325.6968078613281 3050.302978515625
355.7137756347656 172.50941467285156 3037.48486328125
354.7727355957031 252.6917724609375 3070.6630859375
352.69219970703125 327.7116394042969 3062.7265625
372.3694763183594 53.560699462890625 3056.18359375
373.1627502441406 92.7645263671875 3058.10546875
401.46331787109375 92.4027099609375 3058.360107421875
411.0767517089844 146.4340057373047 3117.59423828125
411.4634704589844 197.04299926757812 3002.505126953125
344.8574523925781 93.12638854980469 3057.850830078125
323.7252197265625 146.89663696289062 3119.378662109375
310.53045654296875 201.1626739501953 3068.249755859375
373.7875061035156 132.50604248046875 3048.8486328125
393.0362548828125 172.2471923828125 3039.75830078125
391.9445495605469 251.88711547851562 3092.03076171875
393.32965087890625 325.64190673828125 3049.360107421875
355.7939147949219 172.7320556640625 3039.42529296875
354.72674560546875 252.87469482421875 3072.21875
352.5911865234375 326.74810791015625 3058.849853515625
372.5877380371094 54.045989990234375 3056.116943359375
373.09185791015625 93.3277587890625 3057.928466796875
401.3980407714844 93.00706481933594 3058.02099609375
411.1894226074219 146.22152709960938 3119.2275390625
411.9051513671875 196.57650756835938 3001.51318359375
344.7839660644531 93.64846801757812 3057.8359375
323.55096435546875 147.4712371826172 3115.20947265625
309.1756591796875 202.00315856933594 3070.64501953125
373.6451721191406 133.07830810546875 3048.738037109375
392.82464599609375 172.85665893554688 3039.608154296875
391.7643737792969 252.58660888671875 3088.622802734375
393.0503845214844 326.3184509277344 3047.324462890625
355.5782470703125 173.28179931640625 3039.487060546875
354.30419921875 253.46145629882812 3070.1953125
352.30413818359375 327.72216796875 3058.048583984375
372.63299560546875 54.24214172363281 3056.0400390625
373.239501953125 93.470703125 3057.980224609375
401.5467224121094 93.18574523925781 3058.0205078125
411.19134521484375 146.60133361816406 3119.97900390625
411.711669921875 196.68360900878906 2999.34521484375
344.9315185546875 93.75569152832031 3057.93994140625
323.7128601074219 147.775390625 3110.054931640625
310.13104248046875 202.156494140625 3062.20947265625
373.7344055175781 133.23867797851562 3049.207275390625
392.85052490234375 173.04803466796875 3040.460693359375
391.9266662597656 252.75753784179688 3089.408935546875
393.0257568359375 325.7389221191406 3051.58154296875
355.61346435546875 173.42425537109375 3040.407958984375
354.2603759765625 253.46917724609375 3075.84765625
352.4531555175781 326.8293762207031 3058.450439453125
372.7079772949219 52.95733642578125 3058.0859375
373.1419372558594 92.30348205566406 3059.437744140625
401.4399108886719 92.06575012207031 3059.28173828125
411.1615905761719 147.17626953125 3119.48291015625
411.302490234375 197.53504943847656 3001.6767578125
344.8468322753906 92.54116821289062 3059.59375
323.56964111328125 148.44314575195312 3116.55908203125
308.8759460449219 202.6601104736328 3065.37353515625
373.5649108886719 132.00840759277344 3049.6279296875
392.615234375 171.81581115722656 3039.716064453125
391.6006164550781 251.55999755859375 3088.842041015625
392.8778076171875 323.7782287597656 3048.672119140625
355.3672180175781 172.12338256835938 3039.920166015625
353.8481140136719 252.26739501953125 3072.058837890625
352.126953125 326.629638671875 3057.3388671875
372.5596618652344 53.60478210449219 3056.533447265625
372.90582275390625 92.79356384277344 3058.793701171875
401.212646484375 92.55953979492188 3058.49169921875
411.099853515625 146.26437377929688 3118.98681640625
411.1064453125 196.96023559570312 3005.34033203125
344.6045837402344 93.02754211425781 3059.095703125
323.6461181640625 148.6326904296875 3114.241455078125
308.0995178222656 203.1158447265625 3069.148681640625
373.3055725097656 132.53518676757812 3049.642578125
392.32977294921875 172.3672637939453 3040.2939453125
391.92724609375 252.092529296875 3089.177734375
392.4914245605469 326.25482177734375 3050.756591796875
355.0880432128906 172.664794921875 3040.68896484375
353.57843017578125 252.776123046875 3073.293701171875
352.4524230957031 327.8641357421875 3058.658447265625
372.74017333984375 53.10258483886719 3056.316162109375
373.0493469238281 92.46128845214844 3059.00244140625
401.3465881347656 92.26673889160156 3059.11083984375
411.1294250488281 146.39584350585938 3121.59033203125
411.47369384765625 196.65431213378906 3003.364990234375
344.7500915527344 92.65586853027344 3058.89404296875
323.56585693359375 150.2636260986328 3108.58935546875
309.556640625 205.83897399902344 3079.0478515625
373.42510986328125 132.19573974609375 3049.75146484375
392.4210205078125 172.04208374023438 3040.5712890625
391.8728332519531 251.83526611328125 3086.9814453125
393.2076110839844 325.1065979003906 3048.408447265625
355.1844177246094 172.30181884765625 3040.4296875
354.23834228515625 252.45526123046875 3071.898193359375
352.7189636230469 326.32763671875 3059.24169921875
371.7111511230469 52.68855285644531 3068.196044921875
372.2440185546875 91.76751708984375 3065.586181640625
400.53314208984375 91.3193359375 3061.96923828125
411.11865234375 146.31898498535156 3120.877685546875
411.92510986328125 196.83969116210938 3005.23486328125
344.0215759277344 92.21466064453125 3069.203125
323.5286865234375 151.32362365722656 3108.302001953125
309.2047424316406 207.08543395996094 3075.930908203125
372.72052001953125 131.21722412109375 3051.8603515625
391.8670654296875 170.78944396972656 3035.768310546875
391.2934875488281 250.81478881835938 3078.784912109375
392.6411437988281 324.85614013671875 3042.279541015625
354.56463623046875 171.25698852539062 3040.500732421875
353.6303405761719 251.48519897460938 3068.69189453125
351.8616943359375 326.7059631347656 3059.784912109375
372.4032897949219 53.31854248046875 3062.125
372.5877685546875 92.52919006347656 3062.013916015625
400.90460205078125 92.34996032714844 3059.07958984375
411.1439208984375 145.25634765625 3122.741455078125
412.10003662109375 195.61782836914062 3006.0146484375
344.3251647949219 92.70806884765625 3064.9482421875
323.447265625 152.11666870117188 3111.143798828125
310.1044616699219 208.34417724609375 3083.39794921875
372.7248840332031 132.13516235351562 3050.735107421875
391.51031494140625 171.96725463867188 3037.53759765625
391.2873840332031 251.79486083984375 3085.33203125
392.67333984375 327.18939208984375 3050.3046875
354.23919677734375 172.102783203125 3041.375
353.47564697265625 252.18801879882812 3074.81787109375
351.9986572265625 328.17474365234375 3059.7373046875
372.2079162597656 53.26075744628906 3058.587646484375
372.28997802734375 92.60173034667969 3060.5732421875
400.6085205078125 92.5506591796875 3058.5
413.58355712890625 145.7437744140625 3153.72412109375
411.8918151855469 191.91061401367188 3007.9931640625
344.009765625 92.65274047851562 3062.646484375
323.5683898925781 152.42636108398438 3109.05126953125
309.49114990234375 208.40309143066406 3073.887939453125
372.299560546875 132.2936248779297 3050.862060546875
390.94061279296875 172.24093627929688 3039.795166015625
391.3080139160156 252.02630615234375 3086.719970703125
392.3418273925781 325.8831481933594 3052.534912109375
353.6943664550781 172.2371063232422 3042.506591796875
353.3822326660156 252.35928344726562 3072.939208984375
351.5950622558594 328.0447998046875 3064.577880859375
372.2812805175781 53.12928771972656 3057.30224609375
372.1800231933594 92.54100036621094 3060.4833984375
400.4959411621094 92.553955078125 3058.708251953125
413.3650207519531 146.35813903808594 3143.25341796875
411.9850158691406 193.62120056152344 3002.913330078125
343.8969421386719 92.52806091308594 3062.258544921875
323.8394775390625 152.77017211914062 3111.98486328125
309.0835876464844 208.34725952148438 3075.77001953125
372.11444091796875 132.26998901367188 3051.625244140625
390.6686706542969 172.26919555664062 3041.6064453125
391.83514404296875 251.98605346679688 3088.721923828125
392.49713134765625 325.4859924316406 3052.468505859375
353.44244384765625 172.1913604736328 3043.927734375
353.133056640625 252.26052856445312 3075.3095703125
352.6315612792969 327.3565368652344 3065.655517578125
371.7763671875 53.54487609863281 3059.69873046875
372.02789306640625 92.95451354980469 3061.18017578125
400.3490295410156 92.81047058105469 3058.70703125
412.3641662597656 145.70091247558594 3135.91650390625
412.06805419921875 193.69482421875 2999.528076171875
343.75250244140625 93.09834289550781 3063.6533203125
323.8082580566406 150.559814453125 3117.012451171875
310.0387268066406 205.91845703125 3074.404541015625
372.13775634765625 132.6505126953125 3051.65576171875
390.8796081542969 172.54266357421875 3040.51416015625
392.297119140625 252.4296875 3081.873046875
392.9156494140625 325.8979187011719 3049.27392578125
353.63677978515625 172.64743041992188 3043.74853515625
353.8675537109375 252.73593139648438 3074.1904296875
352.7971496582031 327.27020263671875 3062.962158203125
371.11041259765625 53.06550598144531 3070.385986328125
371.5814514160156 92.05305480957031 3066.970703125
399.8723449707031 91.6431884765625 3062.660400390625
411.715576171875 146.25479125976562 3129.60302734375
412.26641845703125 195.00042724609375 2998.067138671875
343.36993408203125 92.46177673339844 3071.281005859375
323.572998046875 148.67010498046875 3114.01708984375
310.62188720703125 203.93197631835938 3073.346435546875
371.945068359375 131.48727416992188 3053.25927734375
390.9728088378906 171.08045959472656 3036.72900390625
392.1569519042969 251.00509643554688 3081.47412109375
392.96160888671875 324.50006103515625 3046.3818359375
353.6857604980469 171.47369384765625 3042.36669921875
353.9710693359375 251.58560180664062 3074.03759765625
352.98150634765625 325.06939697265625 3062.188232421875
371.8368225097656 53.471923828125 3064.7197265625
371.8375549316406 92.48368835449219 3064.69921875
400.13018798828125 92.31581115722656 3061.81640625
411.3398742675781 145.41265869140625 3130.572509765625
412.301025390625 194.4039764404297 3001.323486328125
343.59808349609375 92.65126037597656 3067.58203125
323.44537353515625 148.314208984375 3110.499267578125
308.7025451660156 203.16200256347656 3063.752685546875
371.95660400390625 132.07603454589844 3053.955078125
390.7033996582031 171.88668823242188 3041.32568359375
391.99188232421875 251.49514770507812 3092.33056640625
392.46771240234375 326.4840087890625 3056.17333984375
353.47271728515625 172.00912475585938 3045.09619140625
353.3974609375 252.10281372070312 3073.9111328125
353.16064453125 327.1033935546875 3068.52392578125
371.9952087402344 51.99110412597656 3060.391357421875
371.96026611328125 91.47135925292969 3063.6728515625
400.2236328125 91.49111938476562 3063.050537109375
411.24493408203125 145.80332946777344 3129.267822265625
412.3824157714844 195.01626586914062 3001.522705078125
343.7084045410156 91.45159912109375 3064.295166015625
323.29534912109375 148.25369262695312 3109.737060546875
307.62774658203125 202.8568878173828 3068.363525390625
371.9675598144531 131.16204833984375 3055.058349609375
390.56195068359375 171.100830078125 3046.036865234375
391.8376770019531 250.7569580078125 3091.5380859375
393.1189880371094 324.5623779296875 3055.009765625
353.39276123046875 171.05357360839844 3046.850830078125
353.6514587402344 251.15548706054688 3073.28173828125
353.2377624511719 324.5186462402344 3066.666015625
371.61077880859375 50.6959228515625 3057.72900390625
372.0125427246094 90.52012634277344 3064.049560546875
400.2698974609375 90.20140075683594 3063.510986328125
411.2182922363281 144.79861450195312 3129.582275390625
412.34112548828125 194.34542846679688 3005.6396484375
343.76513671875 90.83871459960938 3064.588134765625
323.31683349609375 148.05569458007812 3109.8505859375
307.12579345703125 202.72476196289062 3072.77294921875
372.4822082519531 130.3046112060547 3058.192626953125
391.502197265625 170.04177856445312 3051.983642578125
392.9267578125 249.77713012695312 3088.029541015625
394.08831787109375 323.9653625488281 3055.607421875
354.409423828125 170.44174194335938 3052.687744140625
354.56658935546875 250.4227294921875 3077.8017578125
354.1903381347656 326.3524475097656 3074.79931640625
371.8205871582031 52.56617736816406 3057.4140625
372.49334716796875 91.86312866210938 3061.658203125
400.75860595703125 91.25282287597656 3061.63720703125
411.2061462402344 143.67257690429688 3128.9296875
412.3285827636719 193.2982635498047 3006.07373046875
344.2284851074219 92.47343444824219 3061.67919921875
323.3244323730469 148.220947265625 3109.43896484375
306.8919982910156 202.67562866210938 3058.71044921875
373.4301452636719 131.61773681640625 3054.26953125
392.9449157714844 171.16448974609375 3046.8671875
393.1844482421875 251.18405151367188 3075.781005859375
394.4234313964844 326.99639892578125 3045.727783203125
355.7981872558594 171.96585083007812 3046.89453125
355.14276123046875 252.20248413085938 3063.79296875
354.4141845703125 328.48291015625 3060.6865234375
371.8373107910156 53.29937744140625 3056.24755859375
372.6413269042969 92.53651428222656 3061.099609375
400.89105224609375 91.821533203125 3062.0205078125
411.06829833984375 145.24716186523438 3125.36865234375
412.43316650390625 194.74038696289062 2999.77294921875
344.3746337890625 93.25193786621094 3060.1787109375
323.43768310546875 149.1144561767578 3112.208740234375
306.7965087890625 202.79580688476562 3050.926513671875
373.7933044433594 132.30706787109375 3053.93994140625
393.5121154785156 171.77899169921875 3047.38232421875
392.18035888671875 251.70822143554688 3079.717529296875
393.5508117675781 326.1566467285156 3051.9248046875
356.3819274902344 172.7502899169922 3046.17822265625
354.56072998046875 252.909423828125 3067.59130859375
353.2673034667969 326.0452575683594 3062.516357421875
372.1266784667969 53.16636657714844 3057.12060546875
372.8724060058594 92.39518737792969 3062.138427734375
401.11932373046875 91.64485168457031 3062.7578125
410.984375 145.9204864501953 3129.4775390625
412.88128662109375 194.62454223632812 2996.5107421875
344.61407470703125 93.14581298828125 3061.51904296875
323.32330322265625 148.97042846679688 3115.59033203125
306.79376220703125 202.73294067382812 3055.62744140625
374.04852294921875 132.17010498046875 3055.42138671875
393.7833251953125 171.61685180664062 3049.109375
391.5619201660156 251.43316650390625 3084.52001953125
393.35284423828125 325.01788330078125 3053.4384765625
356.6713562011719 172.62387084960938 3048.29931640625
353.90655517578125 252.61376953125 3074.68994140625
352.9714660644531 325.84173583984375 3070.2294921875
371.6806640625 51.730377197265625 3058.104248046875
372.3064880371094 91.26490783691406 3063.134765625
400.53466796875 90.59130859375 3064.33544921875
410.88226318359375 146.04876708984375 3125.302001953125
412.72393798828125 194.95407104492188 2993.443603515625
344.0561828613281 91.93905639648438 3061.93408203125
323.360107421875 149.15609741210938 3116.7734375
306.71612548828125 202.69239807128906 3047.72802734375
373.41607666015625 131.02310180664062 3056.306640625
393.07464599609375 170.49630737304688 3050.263671875
390.7437744140625 250.2509765625 3088.0263671875
392.438720703125 324.3423767089844 3052.033447265625
355.97698974609375 171.4226531982422 3048.693359375
353.114990234375 251.49240112304688 3070.77099609375
351.8921203613281 324.95458984375 3072.50927734375
371.9043273925781 52.710205078125 3058.098876953125
372.31280517578125 91.92674255371094 3062.188720703125
400.5653991699219 91.44435119628906 3062.814697265625
410.9451599121094 145.05194091796875 3126.934326171875
412.9497375488281 193.9435272216797 2995.52587890625
344.0486755371094 92.40934753417969 3061.562744140625
323.2901611328125 148.98785400390625 3117.8994140625
306.6281433105469 202.80770874023438 3050.2744140625
373.114501953125 131.68443298339844 3054.820068359375
392.4866027832031 171.30667114257812 3047.86083984375
391.038330078125 251.22784423828125 3081.054443359375
392.5946044921875 326.31817626953125 3047.54931640625
355.3484802246094 171.9622039794922 3047.0419921875
353.43218994140625 252.16799926757812 3064.653076171875
351.82318115234375 325.53240966796875 3066.385009765625
371.9264831542969 54.13330078125 3059.104248046875
372.20477294921875 93.21102905273438 3061.281005859375
400.4743347167969 92.86407470703125 3061.59814453125
410.9549865722656 145.63258361816406 3125.736572265625
412.73260498046875 194.62661743164062 2994.9013671875
343.9293518066406 93.55804443359375 3060.9638671875
323.4925842285156 149.20822143554688 3112.46875
306.5967102050781 202.6796112060547 3048.2861328125
372.80169677734375 132.9463348388672 3052.85400390625
391.9915466308594 172.6680450439453 3044.634521484375
390.8423156738281 252.5556640625 3082.510498046875
392.5811462402344 326.5911560058594 3048.23876953125
354.8097839355469 173.13523864746094 3044.219482421875
353.442138671875 253.42095947265625 3062.13720703125
352.119384765625 326.83245849609375 3065.190185546875
371.71685791015625 54.326385498046875 3057.0712890625
371.96295166015625 93.32792663574219 3061.028076171875
400.24560546875 92.99929809570312 3060.82373046875
410.91424560546875 146.8932342529297 3125.900146484375
412.7549133300781 195.1789093017578 2988.005859375
343.6841125488281 93.65650939941406 3061.232421875
323.3198547363281 149.05709838867188 3110.223388671875
306.5689392089844 202.6096954345703 3047.268310546875
372.48211669921875 133.11972045898438 3053.96142578125
391.58428955078125 172.88369750976562 3046.760986328125
390.7810363769531 252.64559936523438 3087.610595703125
392.6622009277344 325.30108642578125 3051.341064453125
354.42474365234375 173.30848693847656 3047.028564453125
353.2547302246094 253.36398315429688 3073.390869140625
352.6603698730469 326.05059814453125 3070.801025390625
371.995849609375 53.95167541503906 3057.06201171875
372.09576416015625 93.21604919433594 3061.787841796875
400.36260986328125 93.05465698242188 3062.10986328125
410.930908203125 147.03102111816406 3123.18212890625
413.06182861328125 195.3302001953125 2984.78662109375
343.8229675292969 93.37747192382812 3061.4658203125
323.0576171875 149.0966796875 3110.091552734375
306.6114807128906 202.644287109375 3048.725830078125
372.40863037109375 133.02516174316406 3055.4052734375
391.2860412597656 172.8894500732422 3049.233154296875
391.1767883300781 252.60928344726562 3089.219970703125
392.60205078125 324.7120361328125 3055.0927734375
354.156982421875 173.11245727539062 3048.812255859375
353.0005187988281 253.12872314453125 3075.439453125
353.0602722167969 325.6867980957031 3070.303955078125
371.6216735839844 54.13421630859375 3059.0869140625
371.6230773925781 93.20974731445312 3062.651123046875
399.8943176269531 93.13053894042969 3062.336669921875
410.95623779296875 147.08511352539062 3124.38623046875
413.19464111328125 194.80850219726562 2980.9931640625
343.3576354980469 93.2889404296875 3062.965576171875
323.13812255859375 149.32550048828125 3114.56982421875
306.5283203125 202.75909423828125 3045.046630859375
371.7827453613281 132.9682159423828 3055.197998046875
390.5209655761719 172.87445068359375 3047.539306640625
390.1523742675781 252.65737915039062 3086.9423828125
392.2103271484375 324.9378967285156 3048.634033203125
353.3678894042969 172.96780395507812 3047.950439453125
352.89862060546875 253.05545043945312 3072.454833984375
351.64459228515625 324.95904541015625 3072.406494140625
372.1423034667969 53.88392639160156 3059.084228515625
371.79522705078125 92.95425415039062 3062.539306640625
400.0593566894531 93.10765075683594 3062.6240234375
410.99114990234375 147.1549530029297 3125.825927734375
413.2345275878906 195.15237426757812 2984.992919921875
343.5295104980469 92.80084228515625 3062.45458984375
323.2652587890625 149.8707733154297 3115.78125
306.6278991699219 202.90028381347656 3043.7734375
371.6568908691406 132.6998291015625 3054.74755859375
390.0962219238281 172.748046875 3047.01123046875
390.0506591796875 252.58285522460938 3084.900634765625
392.596435546875 325.36627197265625 3048.114501953125
352.9388122558594 172.54928588867188 3046.900390625
352.51507568359375 252.52865600585938 3078.17578125
352.2198486328125 325.7781677246094 3070.072265625
371.8053283691406 54.31806945800781 3058.54931640625
371.4305114746094 93.30276489257812 3062.68798828125
399.69482421875 93.52055358886719 3062.69970703125
411.01824951171875 146.8782196044922 3126.3427734375
412.8199462890625 195.09188842773438 2987.73388671875
343.166015625 93.08497619628906 3062.67626953125
323.2237548828125 149.3289337158203 3113.3662109375
306.81781005859375 202.83932495117188 3046.6494140625
371.1914978027344 133.0597686767578 3055.21826171875
389.5249938964844 173.15455627441406 3047.756103515625
389.83270263671875 252.82656860351562 3090.76953125
392.64129638671875 325.16619873046875 3049.56787109375
352.37750244140625 172.8687286376953 3047.740966796875
351.85296630859375 252.85391235351562 3077.851318359375
351.55438232421875 325.9515380859375 3067.396240234375
371.65924072265625 54.923126220703125 3057.818359375
371.2694396972656 93.77337646484375 3061.694580078125
399.56298828125 93.96965026855469 3060.535400390625
411.0112609863281 147.19427490234375 3125.361572265625
412.7605285644531 195.5557861328125 2987.805908203125
342.997314453125 93.57725524902344 3062.853759765625
323.1911926269531 148.86875915527344 3111.703125
306.8080139160156 202.71888732910156 3053.556396484375
370.978271484375 133.53546142578125 3053.986328125
389.27960205078125 173.64759826660156 3045.52001953125
390.448486328125 253.38406372070312 3087.439697265625
392.88006591796875 325.74029541015625 3046.20263671875
352.10089111328125 173.35000610351562 3047.0361328125
352.0713806152344 253.41909790039062 3073.72216796875
352.1085205078125 326.81829833984375 3068.609619140625
371.94384765625 54.650848388671875 3058.4404296875
371.30108642578125 93.49740600585938 3062.998046875
399.5752258300781 93.90347290039062 3062.119140625
410.954833984375 147.49652099609375 3127.9521484375
412.4026794433594 195.0714874267578 2983.833740234375
343.04315185546875 93.09156799316406 3063.876953125
323.3109436035156 148.98606872558594 3117.34033203125
306.78936767578125 202.61520385742188 3057.0732421875
370.7281188964844 133.25634765625 3055.7841796875
388.7279052734375 173.48524475097656 3047.99560546875
389.6628723144531 253.13949584960938 3091.030029296875
392.8760070800781 324.673583984375 3052.680419921875
351.5840148925781 172.92172241210938 3049.14501953125
351.2510986328125 252.97686767578125 3073.976806640625
352.11090087890625 326.14129638671875 3071.27197265625
371.6546325683594 54.49853515625 3059.26953125
370.8593444824219 93.34500122070312 3063.331298828125
399.1544494628906 93.7945556640625 3060.745849609375
410.99298095703125 147.44338989257812 3126.0400390625
412.2004699707031 195.5264129638672 2986.231689453125
342.6119689941406 92.896240234375 3065.916748046875
323.3261413574219 148.69667053222656 3113.6875
306.77001953125 202.5483856201172 3060.204345703125
370.106201171875 133.06326293945312 3055.26318359375
387.9453125 173.33152770996094 3045.50439453125
389.5882568359375 253.0899658203125 3086.41845703125
392.41070556640625 325.3708801269531 3049.6220703125
350.7734069824219 172.6525421142578 3048.8857421875
351.2750549316406 252.66302490234375 3076.284423828125
351.84405517578125 326.134033203125 3068.8291015625
371.4391784667969 53.656646728515625 3057.156494140625
370.6397399902344 92.86097717285156 3062.327880859375
398.9310607910156 93.39276123046875 3060.56689453125
410.97479248046875 147.120849609375 3127.28173828125
411.6109619140625 195.30490112304688 2988.8720703125
342.3809814453125 92.32978820800781 3064.0888671875
323.4254150390625 149.19273376464844 3111.8154296875
306.7181091308594 202.60826110839844 3045.4501953125
369.8214416503906 132.63150024414062 3055.3486328125
387.580322265625 172.96353149414062 3047.2177734375
390.0467834472656 252.56118774414062 3091.5
392.8321228027344 325.04425048828125 3052.75537109375
350.4324645996094 172.2050018310547 3049.52099609375
352.2251892089844 252.15869140625 3077.843994140625
352.0404052734375 325.7088623046875 3071.674560546875
371.78289794921875 51.95465087890625 3069.133544921875
370.7654724121094 91.13291931152344 3068.80126953125
399.0194396972656 91.77902221679688 3065.031494140625
410.9779052734375 146.752685546875 3127.281494140625
412.0760498046875 194.83741760253906 2987.89599609375
342.5808410644531 90.48838806152344 3072.571044921875
323.31500244140625 149.46217346191406 3115.415283203125
306.5211181640625 202.85549926757812 3042.755126953125
369.65814208984375 130.61741638183594 3057.3408203125
387.1501159667969 170.8887939453125 3043.414794921875
390.04998779296875 250.67916870117188 3084.62841796875
392.7019958496094 324.06805419921875 3045.7421875
349.9648742675781 169.9100341796875 3048.345947265625
351.8456115722656 249.97976684570312 3073.341064453125
351.8668212890625 324.04986572265625 3073.853759765625
370.9632568359375 53.42930603027344 3062.596435546875
370.0748291015625 92.43321228027344 3064.671875
398.3556213378906 93.04937744140625 3061.89111328125
410.96514892578125 145.54327392578125 3132.5302734375
412.01239013671875 193.25357055664062 2991.04638671875
341.84527587890625 91.81814575195312 3067.45263671875
323.23724365234375 148.94720458984375 3113.191650390625
306.51263427734375 202.93331909179688 3047.64453125
369.0731506347656 132.07945251464844 3055.59521484375
386.6621398925781 172.41464233398438 3044.7001953125
390.2684326171875 252.0653076171875 3087.8662109375
392.4806213378906 327.666748046875 3052.047119140625
349.49114990234375 171.50978088378906 3048.3369140625
351.88848876953125 251.56851196289062 3072.630859375
351.93414306640625 327.2743835449219 3075.98291015625
371.5707702636719 53.627838134765625 3058.82958984375
370.36773681640625 92.847412109375 3062.271728515625
398.6621398925781 93.75849914550781 3059.448974609375
410.94219970703125 146.74221801757812 3126.320068359375
412.0735778808594 194.7934112548828 2986.442626953125
342.1254577636719 91.93798828125 3065.094482421875
323.1966552734375 149.48878479003906 3111.092529296875
306.66961669921875 202.94874572753906 3040.155029296875
368.93939208984375 132.5592041015625 3054.35498046875
386.0954284667969 173.12440490722656 3044.59228515625
389.9109802246094 252.95159912109375 3079.759521484375
392.5238037109375 326.7082214355469 3050.286865234375
348.934326171875 171.83119201660156 3048.2841796875
352.1470947265625 251.90341186523438 3069.96484375
351.5135498046875 325.8607177734375 3077.947509765625
370.76788330078125 54.01390075683594 3070.956787109375
369.69769287109375 92.68594360351562 3067.514892578125
397.97320556640625 93.43344116210938 3062.41552734375
410.93231201171875 147.56539916992188 3122.931640625
412.265869140625 195.6149139404297 2982.1171875
341.51605224609375 91.94091796875 3072.6142578125
323.1685791015625 149.49310302734375 3110.556640625
306.6842346191406 203.0275421142578 3041.19091796875
368.3489990234375 132.05992126464844 3053.378173828125
385.6382141113281 172.38021850585938 3035.906494140625
390.41827392578125 252.14202880859375 3079.864990234375
392.36712646484375 325.268798828125 3039.51611328125
348.3782043457031 171.22142028808594 3042.576416015625
352.649658203125 251.45562744140625 3060.280517578125
351.3603515625 324.7756042480469 3067.302734375
370.98895263671875 53.877410888671875 3063.00830078125
369.8323059082031 92.62007141113281 3063.183837890625
398.1293029785156 93.50228881835938 3059.455810546875
410.98968505859375 146.946044921875 3125.548095703125
412.3097229003906 195.0269012451172 2985.652099609375
341.60406494140625 91.739990234375 3066.911865234375
322.6910400390625 149.36851501464844 3108.76953125
306.73565673828125 202.9293975830078 3034.81884765625
368.3887023925781 132.1994171142578 3052.5048828125
385.5589599609375 172.7010955810547 3039.387939453125
390.9604797363281 251.99462890625 3093.868896484375
392.64019775390625 326.5588684082031 3053.073974609375
348.3408203125 171.4132843017578 3044.263916015625
352.8089294433594 251.29452514648438 3076.16455078125
351.99224853515625 325.798095703125 3069.693603515625
370.39959716796875 54.12347412109375 3060.03759765625
369.4276428222656 92.93048095703125 3061.76513671875
397.7265930175781 93.74467468261719 3059.15673828125
410.9501953125 146.93263244628906 3123.029296875
412.0699462890625 195.63287353515625 2988.670166015625
341.1768493652344 92.11764526367188 3064.37353515625
322.2819519042969 148.99249267578125 3109.868408203125
306.75933837890625 202.98280334472656 3038.315185546875
368.15753173828125 132.59725952148438 3052.44482421875
385.4917297363281 173.0872039794922 3041.418701171875
390.6410217285156 252.51559448242188 3090.844970703125
392.99896240234375 325.928955078125 3051.335693359375
348.28839111328125 171.9275360107422 3044.830322265625
352.66546630859375 251.93328857421875 3070.699951171875
352.39642333984375 327.17047119140625 3070.577880859375
370.770263671875 54.53309631347656 3059.55908203125
369.80181884765625 93.37222290039062 3060.896240234375
398.1200256347656 94.00920104980469 3057.935302734375
410.94818115234375 147.1295928955078 3122.604248046875
411.2801208496094 196.11212158203125 2991.1396484375
341.538330078125 92.73648071289062 3063.857177734375
322.33404541015625 149.38694763183594 3107.944091796875
306.89447021484375 202.92474365234375 3033.751220703125
368.75958251953125 133.0555419921875 3051.4013671875
386.33709716796875 173.45631408691406 3039.97021484375
391.4119873046875 252.98553466796875 3087.696044921875
393.8778381347656 325.9332580566406 3049.217041015625
349.1082763671875 172.51748657226562 3043.8427734375
353.8174133300781 252.61053466796875 3065.711181640625
353.2078552246094 326.4013977050781 3065.017822265625
370.738037109375 54.99513244628906 3058.854248046875
369.73114013671875 93.82518005371094 3059.767333984375
398.0650634765625 94.39401245117188 3056.605224609375
410.9566955566406 147.34707641601562 3123.277587890625
411.4987487792969 196.0623779296875 2989.124267578125
341.4557189941406 93.25752258300781 3062.929443359375
322.2533264160156 148.70851135253906 3105.025634765625
306.8865051269531 202.79075622558594 3046.833740234375
368.773193359375 133.51101684570312 3049.8154296875
386.4507751464844 173.8851776123047 3037.795654296875
390.5311584472656 253.51226806640625 3086.166748046875
393.33648681640625 326.169677734375 3048.15087890625
349.19244384765625 173.02877807617188 3041.931396484375
353.3681335449219 253.185546875 3064.985107421875
352.4367980957031 327.61224365234375 3067.093994140625
371.1201477050781 54.843475341796875 3057.475830078125
370.0334777832031 93.88827514648438 3058.454345703125
398.3699645996094 94.48774719238281 3055.989501953125
411.088623046875 147.19793701171875 3124.570556640625
411.62335205078125 195.12966918945312 2983.620849609375
341.74267578125 93.28971862792969 3060.919189453125
322.21875 148.3621826171875 3103.49609375
306.84063720703125 202.6178741455078 3053.46484375
369.086669921875 133.58291625976562 3048.2529296875
386.78228759765625 173.98101806640625 3036.439697265625
390.66986083984375 253.67935180664062 3084.141845703125
393.65570068359375 326.0704040527344 3048.258544921875
349.5044860839844 173.10777282714844 3039.663330078125
354.1558837890625 253.2957763671875 3063.038818359375
352.6378479003906 327.2942810058594 3070.20849609375
371.41680908203125 53.85002136230469 3055.26171875
370.24578857421875 93.00273132324219 3059.185791015625
398.5625 93.653076171875 3057.533935546875
410.97296142578125 147.57740783691406 3121.136474609375
412.1458740234375 195.91607666015625 2982.897216796875
341.9596252441406 92.35308837890625 3060.837646484375
322.2075500488281 148.76556396484375 3103.726318359375
306.7005920410156 202.52963256835938 3044.38134765625
369.274658203125 132.76153564453125 3050.9482421875
386.9121398925781 173.19143676757812 3041.63037109375
390.4815979003906 252.50869750976562 3097.845703125
393.3315734863281 324.50274658203125 3052.505859375
349.69757080078125 172.28012084960938 3043.791015625
353.9773254394531 252.34716796875 3069.43603515625
352.304443359375 325.7955322265625 3079.83984375
370.6715087890625 53.78778076171875 3068.681396484375
370.08453369140625 92.63409423828125 3064.75244140625
398.32537841796875 93.14404296875 3064.6865234375
411.02947998046875 146.64495849609375 3123.641357421875
411.8974304199219 194.9261016845703 2985.666259765625
341.8448791503906 92.12416076660156 3064.818359375
322.20233154296875 148.3966827392578 3102.892333984375
306.71112060546875 202.59329223632812 3047.097412109375
369.48681640625 132.02883911132812 3049.861328125
387.5337219238281 172.14808654785156 3034.92724609375
390.6506652832031 251.88943481445312 3084.332763671875
393.9728698730469 324.9272155761719 3039.973876953125
350.2332763671875 171.47225952148438 3035.01318359375
354.710693359375 251.80703735351562 3058.4677734375
352.0042724609375 325.06494140625 3064.08984375
370.244140625 53.38777160644531 3062.369384765625
369.8558349609375 92.39292907714844 3061.456787109375
398.131591796875 92.68661499023438 3061.34130859375
410.966064453125 146.39430236816406 3123.042236328125
412.2115478515625 194.4153289794922 2982.571533203125
341.5821838378906 92.09928894042969 3061.572265625
322.28814697265625 148.03565979003906 3102.927978515625
306.7650146484375 202.54246520996094 3053.55322265625
369.5354309082031 131.9647216796875 3049.430908203125
387.8492736816406 172.0453643798828 3037.329345703125
390.283203125 251.71859741210938 3088.262451171875
393.4407958984375 324.825439453125 3047.716796875
350.5766296386719 171.65431213378906 3037.480712890625
354.7043762207031 251.550537109375 3076.798583984375
351.4743347167969 325.2536926269531 3073.898193359375
370.9815673828125 53.00416564941406 3071.7490234375
370.1513366699219 91.792724609375 3066.335205078125
398.41632080078125 92.30918884277344 3063.367431640625
410.9978942871094 146.1113739013672 3124.649169921875
412.7056884765625 194.063232421875 2983.748046875
341.9410095214844 91.27726745605469 3069.302978515625
322.1737976074219 148.15280151367188 3107.483642578125
306.71746826171875 202.55422973632812 3052.022216796875
369.3077392578125 131.15667724609375 3051.284912109375
387.11968994140625 171.3025360107422 3034.29345703125
389.60986328125 251.1688232421875 3081.815673828125
392.0398254394531 324.8561096191406 3046.636962890625
349.815673828125 170.5196990966797 3038.17578125
353.1209411621094 250.49728393554688 3076.630615234375
350.9736022949219 325.2713317871094 3069.916259765625
370.1506652832031 53.75801086425781 3066.401611328125
369.641357421875 92.55717468261719 3064.3662109375
397.9493103027344 92.88861083984375 3059.874755859375
410.9501647949219 146.04962158203125 3124.5771484375
412.6495361328125 193.89755249023438 2982.741455078125
341.416259765625 92.22673034667969 3068.857666015625
322.1231689453125 147.94100952148438 3109.729736328125
306.814697265625 202.48593139648438 3048.91455078125
368.92498779296875 132.08480834960938 3052.228271484375
386.85040283203125 172.22317504882812 3037.1533203125
390.1365051269531 251.97311401367188 3084.438720703125
392.5944519042969 325.8544921875 3054.6728515625
349.5914306640625 171.63357543945312 3043.02734375
353.8382263183594 251.59646606445312 3073.833740234375
351.70440673828125 327.0792236328125 3072.426513671875
369.8824157714844 54.16957092285156 3063.73193359375
369.47052001953125 92.87741088867188 3062.91259765625
397.7891845703125 93.19412231445312 3058.887939453125
410.95806884765625 146.38421630859375 3126.9150390625
412.5957336425781 193.88328552246094 2982.24267578125
341.2261657714844 92.5615234375 3066.937255859375
322.0605773925781 148.17672729492188 3106.322265625
306.758544921875 202.58114624023438 3049.4931640625
368.8110046386719 132.43655395507812 3050.87890625
386.80059814453125 172.5865020751953 3036.213623046875
390.7279968261719 252.47213745117188 3077.893310546875
392.9676818847656 325.80596923828125 3050.979248046875
349.524169921875 172.03199768066406 3041.476806640625
353.5975341796875 252.12289428710938 3068.967529296875
352.2431640625 326.0975646972656 3066.248291015625
370.46087646484375 54.807220458984375 3064.40185546875
369.72503662109375 93.3714599609375 3062.400146484375
398.020263671875 93.92312622070312 3060.115966796875
411.0018310546875 146.09169006347656 3126.748046875
412.5864562988281 193.61241149902344 2982.35400390625
341.4720153808594 92.82060241699219 3064.684326171875
321.970947265625 148.39682006835938 3108.649169921875
306.7424011230469 202.59967041015625 3043.309814453125
368.8741149902344 132.900390625 3049.5009765625
386.67181396484375 173.16796875 3035.108154296875
390.25482177734375 252.85415649414062 3084.9013671875
392.989013671875 325.2832946777344 3049.884521484375
349.37847900390625 172.3627166748047 3038.095458984375
353.1129150390625 252.47402954101562 3069.81494140625
352.2600402832031 326.6758117675781 3067.00244140625
370.4891357421875 53.07304382324219 3055.646240234375
370.139892578125 92.06185913085938 3053.763671875
398.5189208984375 92.34465026855469 3051.142578125
410.97052001953125 145.6407470703125 3108.285400390625
413.00531005859375 195.4187774658203 2975.677734375
341.8095397949219 91.77955627441406 3056.384765625
323.3114013671875 148.00839233398438 3106.76318359375
306.6440124511719 202.4896240234375 3059.8115234375
369.6475524902344 131.67832946777344 3040.265625
387.86993408203125 171.87977600097656 3025.05322265625
389.7706298828125 251.59442138671875 3085.510986328125
392.5865173339844 326.2379150390625 3047.78759765625
350.4528503417969 171.41676330566406 3028.4814453125
353.1816711425781 251.80859375 3060.661865234375
352.0547180175781 326.590087890625 3068.197021484375
368.76385498046875 53.37091064453125 3043.367431640625
368.6877136230469 92.84866333007812 3045.549560546875
397.11785888671875 92.94918823242188 3044.75439453125
410.5058898925781 146.93020629882812 3104.677001953125
412.62200927734375 197.23428344726562 2976.15869140625
340.27239990234375 92.74818420410156 3046.3447265625
320.8669128417969 149.351806640625 3099.370849609375
305.9020080566406 204.43479919433594 3047.7412109375
368.5611572265625 132.76046752929688 3036.61279296875
387.13262939453125 172.9877471923828 3027.156005859375
388.9647521972656 252.83200073242188 3081.335693359375
392.2770080566406 326.25567626953125 3046.554443359375
349.7415466308594 172.82803344726562 3028.196044921875
351.2444152832031 253.09426879882812 3066.704345703125
351.4296569824219 327.69793701171875 3070.872314453125
368.3383483886719 53.925445556640625 3038.72216796875
368.1271667480469 93.59817504882812 3041.9375
396.4604187011719 93.96499633789062 3046.8330078125
409.769775390625 147.9352264404297 3098.83447265625
412.6242980957031 199.44480895996094 2982.352294921875
339.7026062011719 93.23017883300781 3037.0419921875
318.19921875 151.42889404296875 3100.18505859375
304.66949462890625 206.2259979248047 3037.11376953125
368.0180358886719 133.6320037841797 3034.73681640625
386.5460205078125 174.01272583007812 3030.739501953125
388.7760314941406 253.71466064453125 3085.628173828125
392.14202880859375 326.81256103515625 3051.314208984375
349.2313232421875 173.699462890625 3024.332763671875
350.540283203125 253.81900024414062 3071.725341796875
351.8174743652344 326.75439453125 3067.19775390625
368.2698669433594 52.81468200683594 3047.90966796875
367.931396484375 92.5147705078125 3046.915283203125
396.2749328613281 92.89962768554688 3049.64697265625
409.02838134765625 148.54006958007812 3099.013671875
412.32757568359375 201.08697509765625 2995.346435546875
339.5369873046875 92.12922668457031 3044.18359375
316.8666076660156 153.01986694335938 3100.601318359375
303.9720153808594 207.46336364746094 3024.46337890625
367.6912536621094 132.3026885986328 3035.40869140625
386.1257019042969 172.599853515625 3025.687744140625
388.422119140625 252.5567626953125 3077.400634765625
392.158935546875 324.8211364746094 3040.81494140625
348.7508544921875 172.1867218017578 3022.116455078125
350.1451416015625 252.18887329101562 3076.34326171875
351.8302917480469 325.1890869140625 3070.308837890625
368.0671081542969 53.744781494140625 3051.512939453125
367.540283203125 93.07521057128906 3047.848876953125
395.8870849609375 93.53633117675781 3050.333251953125
407.6786804199219 147.456787109375 3097.816650390625
412.32904052734375 200.29061889648438 2998.447509765625
339.147216796875 92.61334228515625 3045.364501953125
316.29473876953125 153.7144775390625 3100.322509765625
303.5782470703125 208.2558135986328 3017.901611328125
367.1916198730469 132.77474975585938 3034.43017578125
385.5426025390625 173.08836364746094 3022.6357421875
388.4984436035156 253.16217041015625 3071.935546875
391.9511413574219 326.7375793457031 3043.8701171875
348.11700439453125 172.56532287597656 3019.38720703125
349.5249328613281 252.61148071289062 3074.6787109375
351.60931396484375 326.30377197265625 3067.5205078125
366.7923583984375 53.96742248535156 3042.77392578125
366.5753479003906 93.57969665527344 3042.9775390625
395.0273742675781 93.66757202148438 3042.068603515625
407.2553405761719 147.89337158203125 3095.213134765625
412.435791015625 201.01560974121094 2998.951416015625
338.1402893066406 93.49189758300781 3043.886474609375
315.83380126953125 153.71017456054688 3100.635986328125
303.9875183105469 208.74493408203125 3021.225341796875
366.4605712890625 133.4819793701172 3032.8046875
385.0771789550781 173.7264404296875 3022.037353515625
388.5963439941406 253.82028198242188 3069.973876953125
391.8731384277344 326.7600402832031 3045.8408203125
347.62017822265625 173.5792694091797 3023.226318359375
349.8530578613281 253.52572631835938 3077.398681640625
351.4881591796875 327.4811706542969 3076.943115234375
365.7885437011719 53.95234680175781 3036.4111328125
365.8044738769531 93.72926330566406 3040.37451171875
394.315673828125 93.57992553710938 3037.22314453125
406.9022521972656 147.57896423339844 3099.048828125
412.42620849609375 200.69058227539062 3003.753173828125
337.3523254394531 93.87828063964844 3043.52587890625
315.667236328125 153.35765075683594 3097.80224609375
304.1946105957031 208.72085571289062 3024.1669921875
365.8410949707031 133.80294799804688 3033.7421875
384.5962219238281 174.00894165039062 3025.04931640625
388.6916198730469 254.05352783203125 3070.74560546875
392.0281066894531 325.5497131347656 3049.7548828125
347.18499755859375 174.09552001953125 3029.17041015625
349.7063293457031 253.87811279296875 3083.248046875
351.6920471191406 326.0982360839844 3078.51220703125
364.5048828125 53.59507751464844 3034.236083984375
364.6390075683594 93.62887573242188 3039.913818359375
393.186279296875 93.23736572265625 3033.351806640625
405.8308410644531 147.73446655273438 3100.775634765625
412.45782470703125 200.36544799804688 3000.368896484375
336.2147521972656 94.0186767578125 3046.475830078125
315.4931945800781 152.91494750976562 3096.898193359375
304.60162353515625 208.4596405029297 3031.67724609375
364.77301025390625 133.744140625 3034.12109375
383.6356201171875 173.87013244628906 3024.036865234375
388.77630615234375 254.12164306640625 3059.72509765625
391.47161865234375 324.93017578125 3050.87451171875
346.23236083984375 174.1552276611328 3032.619873046875
348.76458740234375 254.06637573242188 3079.089599609375
351.27471923828125 325.82598876953125 3073.24560546875
363.9464416503906 53.50396728515625 3032.650634765625
364.11737060546875 93.5899658203125 3040.332275390625
392.6770935058594 93.0521240234375 3031.65966796875
405.8934326171875 147.46353149414062 3096.8251953125
412.2525939941406 200.10711669921875 2995.279541015625
335.7201232910156 94.12474060058594 3049.0048828125
315.1603088378906 153.1478271484375 3099.949951171875
304.76641845703125 208.26107788085938 3026.030517578125
364.3124084472656 133.73760986328125 3035.533203125
383.22406005859375 173.8107147216797 3025.063232421875
388.45111083984375 253.91036987304688 3065.728759765625
391.88037109375 323.8687744140625 3055.473876953125
345.8619689941406 174.21334838867188 3036.405029296875
349.1190185546875 254.05517578125 3080.99365234375
351.801513671875 323.64923095703125 3070.694580078125
364.0827331542969 53.72760009765625 3031.8662109375
364.212158203125 93.55046081542969 3038.538330078125
392.7738952636719 93.09364318847656 3032.165771484375
405.1791687011719 147.60052490234375 3101.928466796875
412.1578369140625 199.6142578125 2994.090576171875
335.7699890136719 94.00537109375 3044.910888671875
315.37042236328125 151.539306640625 3102.468505859375
305.6968688964844 205.79739379882812 3022.509033203125
364.45166015625 133.71469116210938 3033.50048828125
383.4184265136719 173.8239288330078 3024.29541015625
388.3213806152344 253.99710083007812 3064.15771484375
392.3379821777344 323.72772216796875 3053.958251953125
346.0169372558594 174.20068359375 3032.6298828125
348.657470703125 254.2618408203125 3073.597900390625
352.3106994628906 325.47369384765625 3064.69091796875
363.90802001953125 53.85728454589844 3031.979736328125
363.9403076171875 93.71009826660156 3037.16943359375
392.50067138671875 93.31916809082031 3032.466064453125
405.56915283203125 149.85801696777344 3102.982666015625
411.2477111816406 200.64620971679688 2985.378662109375
335.46826171875 94.09982299804688 3041.872802734375
315.33538818359375 151.519287109375 3098.232421875
307.2786865234375 206.33535766601562 3019.646728515625
364.2039489746094 133.84640502929688 3030.85595703125
383.2129211425781 173.97560119628906 3021.466796875
387.1632995605469 254.15750122070312 3065.68310546875
392.0201110839844 323.8154296875 3049.03759765625
345.7625732421875 174.32461547851562 3027.6181640625
347.6639709472656 254.41375732421875 3073.034423828125
351.6288146972656 325.76763916015625 3058.712646484375
363.5650939941406 53.7677001953125 3031.527587890625
363.53955078125 93.62704467773438 3037.842529296875
392.0567321777344 93.31495666503906 3035.938232421875
405.04888916015625 149.44638061523438 3106.455078125
410.2459716796875 199.21107482910156 2981.034423828125
335.05810546875 93.93873596191406 3039.746826171875
316.714599609375 152.38543701171875 3098.109619140625
308.0456237792969 206.6817169189453 3016.605712890625
363.8820495605469 133.8167724609375 3033.29150390625
382.9281005859375 173.95570373535156 3027.4951171875
387.0258483886719 254.05441284179688 3068.92529296875
392.12847900390625 323.77423095703125 3056.95947265625
345.5384216308594 174.29867553710938 3029.98583984375
346.6507568359375 254.24591064453125 3078.75732421875
351.7694091796875 326.43359375 3069.21435546875
362.3938903808594 54.32060241699219 3031.293701171875
362.39166259765625 94.03219604492188 3037.746337890625
390.9283752441406 93.66514587402344 3034.533935546875
404.10406494140625 152.82620239257812 3106.204833984375
410.3927917480469 200.33682250976562 2963.699951171875
333.9152526855469 94.39846801757812 3040.958740234375
317.57623291015625 153.60182189941406 3096.062744140625
308.5596008300781 207.28807067871094 3011.85400390625
362.7190246582031 134.24786376953125 3033.85546875
381.7485046386719 174.3821563720703 3027.864013671875
385.5086669921875 254.49774169921875 3068.971435546875
391.5281677246094 324.43609619140625 3046.83837890625
344.3717956542969 174.751220703125 3032.065185546875
344.7167053222656 254.64968872070312 3080.762939453125
350.5340881347656 326.53155517578125 3068.997802734375
361.3027648925781 52.50019836425781 3030.172119140625
361.37945556640625 92.59335327148438 3039.50048828125
389.88720703125 92.21414184570312 3037.329833984375
402.62811279296875 152.71697998046875 3115.097900390625
408.68817138671875 199.7616729736328 2974.631591796875
332.91241455078125 92.9720458984375 3041.671142578125
314.5062255859375 152.51077270507812 3086.011474609375
308.9383544921875 207.16114807128906 3013.904296875
361.78399658203125 132.86239624023438 3037.995361328125
380.8447570800781 172.96087646484375 3035.07080078125
385.3191223144531 252.935302734375 3073.4482421875
391.717529296875 323.2614440917969 3051.439453125
343.5505676269531 173.3816375732422 3037.90966796875
344.8190612792969 253.21829223632812 3083.820556640625
351.0017395019531 325.4837646484375 3069.321044921875
360.2118225097656 53.09306335449219 3030.61572265625
360.13616943359375 93.03797912597656 3039.904296875
388.63446044921875 92.73765563964844 3038.259033203125
401.5013427734375 148.75926208496094 3119.663818359375
407.32891845703125 196.92034912109375 2996.010498046875
331.6687316894531 93.33796691894531 3041.549560546875
311.06365966796875 151.8341064453125 3075.965087890625
309.92559814453125 206.95526123046875 3008.61181640625
360.46258544921875 133.30828857421875 3038.52685546875
379.43853759765625 173.4471435546875 3036.073486328125
384.3567810058594 253.61505126953125 3062.06005859375
391.36822509765625 325.3427734375 3040.13623046875
342.1532897949219 173.78297424316406 3038.225341796875
343.6409912109375 253.64932250976562 3082.613037109375
350.6899108886719 328.4450988769531 3065.06103515625
359.5205078125 52.64247131347656 3031.297119140625
359.4706115722656 92.63511657714844 3040.107421875
387.967041015625 92.3587646484375 3038.51171875
400.6025085449219 147.627685546875 3121.549560546875
406.21026611328125 195.64730834960938 2997.904052734375
331.0040588378906 92.91116333007812 3041.703125
309.1232604980469 152.03097534179688 3077.43408203125
309.880615234375 206.9326934814453 3005.413818359375
359.7623596191406 132.93341064453125 3039.660888671875
378.6911926269531 173.09051513671875 3038.1708984375
384.99957275390625 253.25701904296875 3055.42578125
392.1339416503906 324.6827087402344 3041.193359375
341.4300231933594 173.39649963378906 3040.2578125
344.2648010253906 253.21176147460938 3083.130859375
351.4720764160156 327.61004638671875 3066.39208984375
358.8762512207031 52.21607971191406 3031.16845703125
358.9781188964844 92.19969177246094 3040.320556640625
387.4847412109375 91.83457946777344 3037.6376953125
400.4721984863281 149.814453125 3125.248046875
406.6045227050781 196.73037719726562 2988.210693359375
330.52178955078125 92.56417846679688 3043.00341796875
308.4315490722656 151.76168823242188 3078.213134765625
309.65899658203125 207.02801513671875 3002.427734375
359.3226013183594 132.53489685058594 3041.15478515625
378.29345703125 172.65594482421875 3040.234375
385.3355407714844 252.8404541015625 3048.6435546875
392.25238037109375 325.0816345214844 3041.658935546875
341.061767578125 173.03977966308594 3043.74365234375
344.3196716308594 252.8515625 3082.921630859375
351.77789306640625 327.1903076171875 3071.210205078125
357.2791442871094 52.7283935546875 3030.6162109375
357.44049072265625 92.54583740234375 3040.659423828125
385.9269714355469 92.12013244628906 3039.177001953125
399.3350524902344 147.7847137451172 3123.034912109375
406.37548828125 195.05242919921875 2988.68505859375
328.9817810058594 92.97113037109375 3042.141845703125
308.17034912109375 151.79940795898438 3078.088623046875
309.2537841796875 207.2711639404297 2997.695556640625
357.944580078125 132.8988037109375 3042.28076171875
377.0545654296875 172.95643615722656 3042.9326171875
384.8670654296875 253.10525512695312 3040.11474609375
390.9350891113281 325.8660583496094 3041.50390625
339.8535461425781 173.4609832763672 3044.87158203125
343.34857177734375 253.12799072265625 3088.05322265625
350.94482421875 327.0150146484375 3066.012939453125
355.9369812011719 53.77149963378906 3031.3544921875
355.97796630859375 93.43032836914062 3040.7041015625
384.468505859375 93.114990234375 3038.93310546875
398.8692626953125 150.6260986328125 3129.516845703125
406.6940612792969 196.2564697265625 2976.171875
327.5205993652344 93.74526977539062 3042.47509765625
307.9512939453125 152.7281951904297 3077.56787109375
308.1645812988281 208.2880401611328 2995.37158203125
356.3099365234375 133.77685546875 3042.07568359375
375.2523498535156 173.91175842285156 3042.289306640625
384.7633361816406 253.93930053710938 3025.15234375
389.70379638671875 325.7451477050781 3036.273193359375
338.0450134277344 174.26217651367188 3044.605224609375
343.1183776855469 253.814208984375 3088.416748046875
349.8866271972656 326.01373291015625 3062.67236328125
354.422607421875 53.61558532714844 3031.705078125
354.7586669921875 93.43673706054688 3041.61328125
383.2593994140625 92.92207336425781 3037.34912109375
398.9129333496094 152.47946166992188 3132.2431640625
405.8134765625 198.63429260253906 2973.26953125
326.3377380371094 93.94996643066406 3045.87744140625
307.7417297363281 153.0128173828125 3077.28369140625
307.5867614746094 208.85317993164062 3002.23974609375
355.22064208984375 133.78651428222656 3043.53564453125
374.29058837890625 173.8232421875 3042.669189453125
385.7791748046875 253.60589599609375 3020.187255859375
389.3357849121094 325.10467529296875 3036.81884765625
337.1075134277344 174.34693908691406 3048.246826171875
344.2561950683594 253.596923828125 3093.199462890625
350.6813049316406 326.72479248046875 3065.107177734375
353.490234375 53.14558410644531 3031.378173828125
354.07177734375 93.17930603027344 3042.6318359375
382.5722961425781 92.53594970703125 3036.85107421875
398.5023193359375 148.24130249023438 3137.94091796875
404.98114013671875 196.19122314453125 2996.0341796875
325.6793212890625 93.82020568847656 3048.41259765625
307.57342529296875 152.6478271484375 3071.642333984375
306.25286865234375 208.46258544921875 3000.01123046875
354.6265563964844 133.5430908203125 3045.535888671875
373.7712707519531 173.51051330566406 3044.65966796875
386.3221435546875 253.10885620117188 3020.435791015625
389.15484619140625 324.412109375 3039.71240234375
336.63531494140625 174.14871215820312 3052.22021484375
344.656982421875 253.41903686523438 3089.32373046875
350.9288330078125 325.9958801269531 3065.718994140625
353.5303955078125 52.34800720214844 3031.237060546875
353.8777160644531 92.41546630859375 3042.676513671875
382.3843994140625 91.82923889160156 3036.0341796875
398.75384521484375 146.06411743164062 3133.87158203125
405.6484375 195.8199005126953 3010.263671875
325.4952392578125 92.9991455078125 3049.31884765625
307.69537353515625 152.127685546875 3070.35009765625
305.7281799316406 208.0252685546875 3002.2431640625
354.2958984375 132.76803588867188 3045.12841796875
373.3116455078125 172.78831481933594 3043.23681640625
385.6106872558594 252.478515625 3021.221435546875
387.7117919921875 322.7862243652344 3035.94140625
336.1681213378906 173.322265625 3051.923828125
344.3266906738281 252.63272094726562 3088.287353515625
351.22601318359375 325.28790283203125 3061.09326171875
353.6032409667969 51.33830261230469 3029.638427734375
353.8227844238281 91.57441711425781 3042.093017578125
382.3349609375 91.07720947265625 3035.78369140625
398.7308654785156 144.37461853027344 3134.96630859375
405.7962646484375 193.89212036132812 3008.31298828125
325.42864990234375 92.069580078125 3048.40234375
307.6275329589844 151.30819702148438 3066.13037109375
305.2844543457031 207.43939208984375 3002.73291015625
354.13360595703125 131.943115234375 3044.763671875
373.0434875488281 172.02609252929688 3043.308349609375
385.1299743652344 251.7490234375 3024.018798828125
386.4702453613281 322.7198181152344 3037.73095703125
335.89459228515625 172.45547485351562 3051.560302734375
344.3363342285156 251.70639038085938 3090.349365234375
351.4549255371094 325.615234375 3062.331298828125
354.33624267578125 52.298858642578125 3029.86376953125
354.8174133300781 92.11105346679688 3040.943603515625
383.30499267578125 91.68739318847656 3038.334716796875
398.1786804199219 143.41661071777344 3136.244140625
406.4129638671875 192.46737670898438 3006.011474609375
326.378662109375 92.53398132324219 3043.552490234375
307.5460510253906 150.92755126953125 3068.568603515625
305.052490234375 207.16184997558594 3004.239501953125
355.2497253417969 132.47329711914062 3042.939697265625
374.28668212890625 172.55117797851562 3043.229248046875
386.50750732421875 252.2662353515625 3020.335693359375
386.5714416503906 324.15087890625 3040.285888671875
337.09710693359375 173.01380920410156 3046.642333984375
345.9706726074219 252.51483154296875 3077.171630859375
353.3323059082031 328.08123779296875 3058.929931640625
355.5970153808594 53.054840087890625 3031.482177734375
355.8269348144531 92.63642883300781 3039.91259765625
384.3230895996094 92.3531494140625 3037.966064453125
399.58099365234375 145.26214599609375 3140.147216796875
408.3561096191406 192.4283905029297 2988.975830078125
327.3672790527344 92.91932678222656 3041.859130859375
307.5994873046875 151.01461791992188 3069.790771484375
304.0224914550781 206.86416625976562 2999.183837890625
356.1038818359375 132.96334838867188 3040.3037109375
375.00439453125 173.12852478027344 3039.422119140625
385.71173095703125 253.15277099609375 3017.651611328125
384.4649353027344 324.5140686035156 3041.869384765625
337.772705078125 173.4311065673828 3041.967529296875
345.61785888671875 253.04940795898438 3077.306640625
352.6275634765625 328.38885498046875 3058.2373046875
356.5757751464844 53.42390441894531 3031.259521484375
356.63446044921875 92.99555969238281 3040.235107421875
385.05023193359375 93.08027648925781 3042.96728515625
400.0008850097656 144.85641479492188 3139.587890625
408.9600830078125 192.69281005859375 2996.168212890625
328.1675720214844 92.91067504882812 3037.5029296875
307.4966735839844 151.35446166992188 3067.37255859375
304.57275390625 207.18402099609375 2996.069091796875
356.6861267089844 133.31280517578125 3040.41943359375
375.33123779296875 173.63323974609375 3042.39111328125
384.78759765625 253.6998291015625 3029.5537109375
383.15533447265625 324.8240966796875 3051.298095703125
338.1224365234375 173.61709594726562 3038.81640625
345.43359375 253.21060180664062 3080.468017578125
351.7554931640625 326.8817443847656 3057.282958984375
357.1989440917969 54.03593444824219 3030.67431640625
357.2469787597656 93.47044372558594 3039.1357421875
385.7189636230469 93.50180053710938 3039.149658203125
401.9524230957031 145.16876220703125 3133.141845703125
409.0028381347656 193.7057647705078 2994.224365234375
328.7747497558594 93.43913269042969 3039.121826171875
307.35601806640625 150.97804260253906 3066.69970703125
304.748291015625 207.21615600585938 2997.960693359375
357.20697021484375 133.77279663085938 3038.3779296875
375.7931213378906 174.11550903320312 3037.629150390625
383.6759338378906 254.4383544921875 3031.17138671875
382.3058166503906 324.68408203125 3045.424072265625
338.5406494140625 174.0749969482422 3037.611083984375
345.3521728515625 253.73394775390625 3079.747802734375
351.8034973144531 327.0109558105469 3061.0263671875
358.7681579589844 53.44622802734375 3030.854248046875
358.4258117675781 92.983642578125 3041.06103515625
386.8458251953125 93.46830749511719 3043.158935546875
403.71429443359375 145.3314971923828 3131.60009765625
409.3489990234375 193.97784423828125 2992.73388671875
329.9665832519531 92.49830627441406 3038.963134765625
307.30426025390625 151.08871459960938 3059.827880859375
305.0164794921875 207.27200317382812 2991.460205078125
357.86932373046875 133.28427124023438 3041.2724609375
375.89959716796875 173.8599395751953 3042.855712890625
382.7247619628906 254.02227783203125 3047.8037109375
381.68634033203125 324.2061767578125 3057.30810546875
338.70947265625 173.29843139648438 3040.112060546875
345.3738708496094 252.96435546875 3080.554931640625
351.9291687011719 325.90692138671875 3064.114013671875
360.2902526855469 53.28614807128906 3033.980712890625
359.8050231933594 92.70603942871094 3042.06298828125
388.20953369140625 93.35633850097656 3044.613525390625
406.41131591796875 149.21316528320312 3130.324462890625
412.1513671875 195.9939422607422 2966.250244140625
331.35284423828125 92.05464172363281 3039.512451171875
308.25830078125 149.72122192382812 3051.9228515625
306.06695556640625 205.12454223632812 2990.384765625
359.0556945800781 132.939208984375 3040.66943359375
376.9006652832031 173.5908203125 3040.943603515625
383.2419128417969 253.8529052734375 3047.288818359375
382.64801025390625 324.60650634765625 3052.150634765625
339.6902770996094 172.8272705078125 3037.608154296875
346.1595764160156 252.75775146484375 3070.07080078125
352.939208984375 326.7504577636719 3060.323486328125
362.0772705078125 53.254669189453125 3032.52197265625
361.3640441894531 92.88499450683594 3041.212890625
389.8034973144531 93.5303955078125 3042.157470703125
407.58660888671875 151.0699462890625 3133.645751953125
413.578857421875 198.3700408935547 2968.697021484375
332.9069519042969 92.23918151855469 3040.268310546875
311.1993103027344 149.9898681640625 3059.470703125
307.3377380371094 205.7626190185547 2990.574462890625
360.51239013671875 133.15548706054688 3040.6376953125
378.266845703125 173.84707641601562 3040.68017578125
384.81927490234375 254.07723999023438 3049.6533203125
382.9237976074219 324.67474365234375 3055.75634765625
341.04644775390625 173.03515625 3039.44482421875
347.7154846191406 252.75653076171875 3077.974609375
353.02435302734375 325.9890441894531 3061.22900390625
363.7392883300781 53.16954040527344 3030.811767578125
362.72418212890625 93.05216979980469 3040.7451171875
391.19561767578125 93.82431030273438 3039.41015625
408.42523193359375 150.293212890625 3136.326904296875
414.296630859375 199.26974487304688 2993.78125
334.2777099609375 92.28070068359375 3042.080078125
313.2231140136719 150.9246826171875 3072.755859375
308.2848205566406 206.54730224609375 2996.240234375
361.5465087890625 133.32687377929688 3040.36962890625
378.98974609375 174.13967895507812 3039.12109375
385.0242614746094 254.47256469726562 3046.9384765625
382.22222900390625 323.59075927734375 3057.446044921875
341.7580871582031 173.08364868164062 3040.8671875
348.55291748046875 252.82601928710938 3076.778564453125
352.70562744140625 326.8095397949219 3062.63037109375
366.2601318359375 52.95062255859375 3030.4140625
364.91973876953125 92.95127868652344 3041.624755859375
393.2779846191406 94.18309020996094 3045.081787109375
408.7267150878906 150.77029418945312 3143.134765625
416.307373046875 198.86898803710938 2995.580322265625
336.4969482421875 91.7166748046875 3038.167724609375
314.127685546875 152.02316284179688 3078.845947265625
309.4747009277344 207.040771484375 2986.797119140625
363.3863830566406 133.22129821777344 3041.8603515625
380.4127197265625 174.23130798339844 3044.357666015625
385.8970947265625 254.43096923828125 3054.89208984375
382.8333435058594 323.3238830566406 3062.221923828125
343.2662353515625 172.73770141601562 3039.834228515625
350.20806884765625 252.48733520507812 3076.353271484375
353.4894104003906 326.10540771484375 3057.564697265625
367.98468017578125 52.958526611328125 3031.2392578125
366.3621520996094 92.91519165039062 3042.525146484375
394.67352294921875 94.39155578613281 3047.635986328125
409.2700500488281 150.53895568847656 3149.57177734375
418.05560302734375 197.86773681640625 2996.962890625
337.9554748535156 91.43388366699219 3037.414306640625
315.0318298339844 150.49575805664062 3080.406494140625
312.1723937988281 205.19418334960938 2989.88232421875
364.5863037109375 133.15969848632812 3042.623291015625
381.333740234375 174.279052734375 3046.06298828125
386.0848388671875 254.51217651367188 3054.226806640625
382.0891418457031 323.88006591796875 3060.230224609375
344.24676513671875 172.52227783203125 3039.3798828125
350.0160827636719 252.31033325195312 3078.46337890625
353.1462707519531 327.46771240234375 3054.372802734375
369.79241943359375 52.87513732910156 3030.6416015625
367.78167724609375 92.85545349121094 3042.7685546875
396.0521545410156 94.62107849121094 3049.052001953125
411.421142578125 149.40957641601562 3141.27294921875
419.0788269042969 197.11965942382812 2991.435791015625
339.39422607421875 91.08253479003906 3036.485107421875
315.8316650390625 149.4817657470703 3078.686279296875
313.5582580566406 203.73728942871094 2991.559326171875
365.64581298828125 133.12307739257812 3044.3134765625
381.9972839355469 174.3955535888672 3049.967041015625
386.01361083984375 254.54965209960938 3059.51318359375
381.7835998535156 324.79974365234375 3063.178466796875
344.97698974609375 172.30133056640625 3041.749755859375
350.30645751953125 252.1409912109375 3077.598876953125
352.4363098144531 327.890869140625 3054.283935546875
370.661865234375 52.55279541015625 3029.84912109375
368.6225891113281 92.58926391601562 3042.832763671875
396.8630676269531 94.44624328613281 3050.2041015625
413.1825256347656 149.24618530273438 3135.1435546875
420.7223205566406 196.70785522460938 2987.46923828125
340.2449645996094 90.72325134277344 3035.46142578125
317.2862243652344 149.171630859375 3081.8154296875
314.3588562011719 202.91757202148438 2996.725830078125
366.4134826660156 132.87074279785156 3044.93408203125
382.6702880859375 174.18310546875 3051.85546875
386.3651123046875 254.34930419921875 3057.75634765625
381.8840026855469 324.2432861328125 3060.542236328125
345.6860046386719 172.00677490234375 3042.21533203125
349.9705810546875 252.12109375 3065.515625
352.09222412109375 328.1994323730469 3050.9365234375
371.5657958984375 52.99974060058594 3030.369384765625
369.5873107910156 92.83200073242188 3043.476318359375
397.82037353515625 94.65907287597656 3050.964599609375
414.5194091796875 150.05850219726562 3135.517822265625
421.84100341796875 194.5580291748047 2971.43115234375
341.2149658203125 90.99595642089844 3035.988037109375
319.76708984375 148.6944122314453 3084.776123046875
314.8010559082031 202.57928466796875 3003.79541015625
367.42144775390625 133.1164093017578 3045.855224609375
383.7143859863281 174.40267944335938 3053.130859375
386.79644775390625 254.55657958984375 3059.57861328125
382.7337951660156 324.2749938964844 3062.12353515625
346.744140625 172.26976013183594 3043.33740234375
349.3327941894531 252.5570068359375 3057.583251953125
352.0857238769531 328.3652648925781 3051.8564453125
372.5811767578125 52.76341247558594 3042.2333984375
370.5122985839844 92.28579711914062 3049.202880859375
398.7447509765625 94.14360046386719 3054.160400390625
416.42822265625 149.41958618164062 3129.7763671875
421.91290283203125 193.50405883789062 2968.477783203125
342.1878662109375 90.42193603515625 3044.245361328125
321.3359069824219 148.13861083984375 3092.3984375
314.9814453125 202.41651916503906 3007.994873046875
368.21405029296875 132.3457489013672 3047.36865234375
384.4151916503906 173.5858917236328 3048.77685546875
386.6383361816406 253.83758544921875 3058.83056640625
382.8565368652344 323.3538818359375 3055.688232421875
347.3714599609375 171.3196258544922 3042.2919921875
347.82794189453125 251.78460693359375 3043.5732421875
351.6841125488281 327.5461730957031 3050.38916015625
374.093994140625 52.641510009765625 3049.1640625
371.9321594238281 91.96200561523438 3052.28564453125
400.15570068359375 93.75088500976562 3056.528076171875
417.2798767089844 149.03872680664062 3135.3974609375
422.45587158203125 192.93238830566406 2974.67138671875
343.6300354003906 90.16815185546875 3048.043212890625
322.1841125488281 147.37945556640625 3091.721435546875
315.4437561035156 202.1628875732422 3016.291259765625
369.7178039550781 131.91195678710938 3048.271240234375
386.01446533203125 173.0678253173828 3047.031005859375
387.2922058105469 253.25503540039062 3065.414306640625
383.988037109375 324.1276550292969 3057.263916015625
348.9469909667969 170.86473083496094 3041.482666015625
347.75103759765625 251.40664672851562 3036.565185546875
352.6244201660156 328.205078125 3052.390869140625
375.1921691894531 52.56443786621094 3052.124755859375
372.9700927734375 91.82078552246094 3054.259765625
401.2019348144531 93.5430908203125 3057.387939453125
416.3190002441406 150.13729858398438 3135.19287109375
422.7269287109375 192.80572509765625 2970.829833984375
344.6803894042969 90.09494018554688 3051.131591796875
322.6352844238281 147.01393127441406 3095.387451171875
315.91864013671875 201.85696411132812 3016.097412109375
370.78643798828125 131.72169494628906 3049.488037109375
387.125 172.82421875 3046.761962890625
386.7094421386719 252.98272705078125 3067.908447265625
383.57623291015625 324.454833984375 3060.715576171875
350.04193115234375 170.669677734375 3042.670654296875
346.6883850097656 251.1363525390625 3035.250732421875
352.1476745605469 328.7037353515625 3053.27685546875
375.5639343261719 51.39447021484375 3041.60205078125
373.5588073730469 91.27120971679688 3051.262939453125
401.7766418457031 92.93644714355469 3056.3369140625
416.3793640136719 150.87258911132812 3135.10791015625
424.2673645019531 190.6755828857422 2962.660400390625
345.2469482421875 89.60041809082031 3046.18896484375
322.85528564453125 146.7342071533203 3097.181640625
316.1957702636719 201.80789184570312 3020.779296875
371.51470947265625 131.37960815429688 3051.4423828125
387.9378356933594 172.4857177734375 3054.940185546875
386.87945556640625 252.4017333984375 3078.42822265625
382.99261474609375 323.8968505859375 3067.6494140625
350.9636535644531 170.4787139892578 3048.303466796875
346.5227355957031 250.759033203125 3030.123291015625
350.9359130859375 327.974853515625 3060.677490234375
375.8018798828125 51.42308044433594 3036.32958984375
373.8858642578125 91.45555114746094 3049.770263671875
402.0982360839844 93.06001281738281 3055.797607421875
416.872802734375 151.59329223632812 3131.0517578125
426.090087890625 189.1968994140625 2945.6015625
345.561767578125 89.84475708007812 3043.742919921875
323.1566162109375 146.05853271484375 3098.57275390625
317.873779296875 201.16802978515625 3025.092529296875
371.9463806152344 131.66810607910156 3052.3779296875
388.4450378417969 172.75657653808594 3058.927001953125
386.7823486328125 252.6878662109375 3073.509033203125
382.6260681152344 325.1407165527344 3063.230712890625
351.5276794433594 170.86497497558594 3051.044189453125
345.762939453125 250.956787109375 3022.56787109375
349.2410583496094 328.3930969238281 3052.255615234375
375.7728271484375 52.102630615234375 3033.1787109375
374.08355712890625 92.02960205078125 3047.977783203125
402.3089904785156 93.58602905273438 3054.2666015625
416.7353820800781 152.06161499023438 3126.0068359375
427.3857727050781 187.9532012939453 2925.983642578125
345.7414245605469 90.46675109863281 3041.68896484375
323.30780029296875 145.4455108642578 3099.25732421875
318.495361328125 200.45431518554688 3030.34423828125
372.19757080078125 132.319580078125 3052.24609375
388.7408142089844 173.40457153320312 3060.626708984375
386.42919921875 253.357177734375 3068.74853515625
382.4626159667969 325.54876708984375 3061.33642578125
351.8432312011719 171.58705139160156 3052.402099609375
344.9518737792969 251.54986572265625 3019.03125
347.8548278808594 328.5766296386719 3044.620361328125
