407.46246337890625 45.9259033203125 2991.032470703125
405.3572998046875 93.93289184570312 3016.799560546875
434.764404296875 92.38633728027344 2986.19873046875
447.2829895019531 135.38436889648438 3039.5009765625
460.0034484863281 195.87069702148438 3009.953369140625
376.540771484375 95.44839477539062 3047.400390625
360.64617919921875 140.20254516601562 3148.358154296875
349.9718933105469 204.7891845703125 3059.60595703125
405.5431823730469 134.760498046875 3014.244384765625
425.5917663574219 175.1785125732422 2990.989990234375
425.67144775390625 259.7380065917969 3014.774169921875
422.3860168457031 329.8404846191406 3052.56591796875
386.1381530761719 176.12973022460938 3032.388427734375
387.47454833984375 263.58929443359375 3026.679443359375
390.36663818359375 334.36187744140625 3108.62744140625
402.0473327636719 47.53688049316406 3001.737548828125
404.0076599121094 93.22535705566406 3017.72314453125
433.42352294921875 92.13774108886719 2985.8955078125
439.488037109375 135.91061401367188 3056.858154296875
454.37713623046875 196.21470642089844 3013.745361328125
375.205810546875 94.290283203125 3049.55078125
356.74267578125 140.60166931152344 3150.93115234375
344.6278381347656 202.0128173828125 3080.3154296875
403.50177001953125 134.9443359375 3018.531005859375
424.9781494140625 176.49261474609375 2995.469482421875
425.395751953125 261.2281799316406 3018.582763671875
421.94830322265625 331.5352783203125 3060.76025390625
381.35888671875 176.78701782226562 3043.208251953125
386.8924560546875 262.31732177734375 3023.645751953125
389.9061279296875 332.7872009277344 3092.004638671875
399.79656982421875 47.51155090332031 3004.984130859375
402.423828125 93.941650390625 3021.986083984375
431.57769775390625 92.38568115234375 2994.300048828125
438.38726806640625 137.89390563964844 3062.756103515625
454.1317138671875 193.34054565429688 3016.60205078125
373.79931640625 95.4693603515625 3049.672119140625
354.17413330078125 142.2481231689453 3151.161865234375
342.5236511230469 200.32525634765625 3091.507080078125
402.8312683105469 135.2176513671875 3019.513671875
424.0584411621094 175.99588012695312 2997.256103515625
424.1705322265625 261.48089599609375 3019.525146484375
421.9459228515625 332.3642578125 3069.313720703125
382.6915283203125 177.11941528320312 3036.826416015625
385.87646484375 263.2847900390625 3024.830810546875
389.31866455078125 333.49713134765625 3071.464599609375
398.355224609375 47.42903137207031 3008.69287109375
401.4417724609375 93.75672912597656 3021.63037109375
430.83441162109375 92.15756225585938 2994.3017578125
436.8833312988281 138.59999084472656 3066.860107421875
453.34063720703125 193.62208557128906 3016.216796875
372.5760192871094 95.32722473144531 3048.958984375
353.3420104980469 142.02467346191406 3150.56787109375
342.4794616699219 200.4853515625 3086.87939453125
401.9364929199219 135.49639892578125 3019.263671875
422.14996337890625 176.74046325683594 2998.54345703125
423.5186462402344 261.1880187988281 3017.164794921875
421.91461181640625 330.8179931640625 3064.343505859375
382.9524841308594 177.85586547851562 3035.25048828125
382.9466247558594 263.7908020019531 3027.299072265625
389.7860412597656 333.1534118652344 3055.0419921875
397.7754211425781 47.663421630859375 3011.14990234375
397.8949279785156 93.24559020996094 3022.405517578125
426.79034423828125 90.88087463378906 2992.66455078125
436.70147705078125 137.56301879882812 3069.042724609375
452.7241516113281 192.2328643798828 3020.735107421875
369.5625915527344 95.56422424316406 3052.146484375
354.11517333984375 141.60302734375 3147.647216796875
354.2558288574219 211.7703857421875 3210.716064453125
399.3638000488281 135.3667755126953 3020.057861328125
420.15423583984375 176.53366088867188 2997.8115234375
423.7407531738281 260.5602722167969 3011.556640625
421.84478759765625 330.1938781738281 3059.9345703125
381.7688293457031 178.55995178222656 3037.60888671875
382.1032409667969 264.54791259765625 3029.7109375
389.9122009277344 334.03228759765625 3077.789794921875
397.187255859375 47.88128662109375 3010.3623046875
396.5612487792969 93.90861511230469 3024.489013671875
426.147216796875 91.44398498535156 2995.577392578125
436.5518798828125 137.29049682617188 3066.37646484375
452.27935791015625 191.65457153320312 3019.552490234375
367.53558349609375 96.32659912109375 3053.400634765625
351.4635314941406 145.70993041992188 3149.947509765625
344.2625732421875 204.96998596191406 3110.7685546875
398.1800537109375 135.76641845703125 3021.101318359375
418.8990783691406 176.65057373046875 2999.050537109375
423.232177734375 261.02545166015625 3010.7001953125
421.7415771484375 329.9997863769531 3060.696533203125
380.9407043457031 178.77264404296875 3036.376708984375
383.2720031738281 264.741455078125 3028.85791015625
389.8151550292969 334.5998229980469 3086.12548828125
396.75537109375 48.4873046875 3010.084716796875
394.9856262207031 95.44781494140625 3031.47802734375
424.6926574707031 92.10508728027344 2995.9189453125
436.47161865234375 137.466552734375 3068.04541015625
451.5729675292969 192.6162109375 3032.018798828125
365.96746826171875 98.71302795410156 3067.037109375
351.97528076171875 145.43075561523438 3164.436767578125
342.99713134765625 205.2551727294922 3082.235595703125
397.294189453125 136.3643341064453 3024.548828125
418.0406799316406 176.00186157226562 2995.605224609375
423.5160827636719 260.5569152832031 3005.34912109375
421.52105712890625 329.8389892578125 3056.796630859375
381.45294189453125 178.91444396972656 3039.634033203125
383.3482666015625 265.24188232421875 3032.429443359375
389.7295227050781 334.9941711425781 3089.93212890625
396.5912780761719 48.842864990234375 3010.2080078125
394.45526123046875 95.09101867675781 3027.781982421875
423.84234619140625 91.97467041015625 2993.01904296875
436.2988586425781 136.68081665039062 3066.35595703125
451.8793640136719 193.88534545898438 3024.705322265625
365.7353210449219 98.13662719726562 3062.544921875
351.99969482421875 144.18475341796875 3158.1484375
342.117919921875 205.02523803710938 3083.626708984375
396.5762939453125 136.20025634765625 3023.156494140625
417.66448974609375 176.04421997070312 2996.1162109375
423.16583251953125 260.4520568847656 2997.392578125
421.35333251953125 329.5164794921875 3057.780029296875
380.0226135253906 178.80624389648438 3040.94580078125
380.87884521484375 261.03253173828125 3031.71435546875
388.16192626953125 332.693603515625 3094.1689453125
396.2158508300781 49.04876708984375 3009.627685546875
394.1258544921875 94.99639892578125 3025.0546875
423.4087219238281 92.02503967285156 2991.122314453125
435.3777160644531 133.9844512939453 3065.767578125
450.0286865234375 195.99424743652344 3021.951416015625
365.49261474609375 97.90182495117188 3058.987060546875
351.516357421875 143.82522583007812 3156.544921875
343.1277160644531 206.50152587890625 3094.7900390625
396.1247253417969 135.9507598876953 3021.864990234375
417.5009460449219 175.64334106445312 2996.22265625
423.2880554199219 260.0674133300781 2991.735107421875
421.3895263671875 329.1611633300781 3057.60009765625
379.0408020019531 178.320068359375 3041.1279296875
379.94195556640625 259.35931396484375 3032.640380859375
387.9500732421875 333.3163146972656 3090.85009765625
395.811279296875 49.41575622558594 3009.325927734375
393.6802062988281 94.72491455078125 3023.64208984375
422.7281188964844 91.7060546875 2989.8056640625
435.41680908203125 134.70999145507812 3066.32177734375
449.64837646484375 195.01031494140625 3020.1943359375
365.2752380371094 97.67694091796875 3057.478515625
351.0071716308594 143.07675170898438 3157.00244140625
342.6322326660156 206.29031372070312 3097.039794921875
395.7872009277344 135.68447875976562 3021.41357421875
417.21026611328125 175.31649780273438 2996.673828125
424.174560546875 258.8854675292969 2979.40966796875
421.1302490234375 328.9408874511719 3055.78759765625
378.8702392578125 178.07192993164062 3041.6962890625
379.749267578125 261.4081726074219 3032.25048828125
386.0359802246094 331.237060546875 3093.01318359375
395.4427795410156 49.52967834472656 3008.915771484375
393.71575927734375 94.29179382324219 3023.40087890625
422.4503173828125 91.43061828613281 2990.925537109375
435.42462158203125 134.89913940429688 3067.41357421875
449.68695068359375 194.94871520996094 3025.00732421875
365.5919189453125 97.09214782714844 3055.876220703125
350.9322204589844 142.51339721679688 3155.802978515625
341.71893310546875 205.65988159179688 3086.220458984375
395.7195739746094 135.36767578125 3021.7333984375
417.0474548339844 175.16714477539062 2998.20849609375
424.2271728515625 259.6129455566406 2980.013427734375
421.259765625 329.3035888671875 3054.818603515625
378.68145751953125 177.79171752929688 3041.92333984375
379.6701965332031 262.27069091796875 3032.689453125
386.3624267578125 331.69091796875 3094.062744140625
394.7308349609375 49.63267517089844 3009.89501953125
393.7374267578125 94.17579650878906 3022.301025390625
422.48687744140625 91.4207763671875 2990.69677734375
434.6280517578125 133.65428161621094 3069.312255859375
448.8815612792969 194.94491577148438 3027.8681640625
365.5830078125 96.87379455566406 3053.9052734375
350.8033142089844 142.26617431640625 3154.951904296875
341.9189147949219 205.33872985839844 3109.29345703125
395.64971923828125 135.17123413085938 3021.197021484375
416.94146728515625 174.92567443847656 2998.763427734375
424.4078063964844 259.999267578125 2979.90087890625
421.5783386230469 329.45977783203125 3053.3798828125
378.4571228027344 177.44976806640625 3041.422607421875
379.4416809082031 262.3758239746094 3033.853515625
389.3850402832031 330.3474426269531 3066.5458984375
393.9664611816406 50.518798828125 3012.222900390625
393.3854064941406 94.59135437011719 3021.644287109375
422.4324951171875 91.78067016601562 2990.154296875
434.69769287109375 134.602783203125 3068.730224609375
449.4148864746094 195.80831909179688 3018.597900390625
364.9375 97.34407043457031 3053.13427734375
350.2259826660156 142.63182067871094 3155.01953125
341.9071350097656 207.2084503173828 3084.117431640625
395.3741149902344 135.30215454101562 3021.341796875
416.8158264160156 174.7149658203125 2999.912353515625
424.49273681640625 260.280029296875 2982.89892578125
422.0010986328125 329.6011962890625 3045.596435546875
378.1808166503906 177.30905151367188 3042.166259765625
379.04541015625 262.5432434082031 3035.75146484375
389.61871337890625 329.2703857421875 3058.881591796875
393.8375549316406 50.44732666015625 3012.943115234375
393.5476379394531 94.63511657714844 3020.80517578125
422.52630615234375 91.89093017578125 2989.050537109375
434.852783203125 134.42535400390625 3069.462646484375
450.17559814453125 196.580078125 3024.493408203125
365.171875 97.32218933105469 3052.559814453125
350.42633056640625 142.52435302734375 3154.53173828125
341.7346496582031 206.61492919921875 3077.859130859375
395.43353271484375 135.247802734375 3020.92724609375
416.99169921875 174.58184814453125 2999.447265625
424.2153015136719 260.5823669433594 2983.590576171875
421.9342346191406 330.1016540527344 3044.151123046875
377.9261474609375 177.11447143554688 3042.6513671875
378.86285400390625 262.5714416503906 3037.595458984375
388.6098937988281 330.3848876953125 3071.07958984375
393.31890869140625 50.641021728515625 3012.638427734375
393.4435729980469 94.56752014160156 3021.461181640625
422.3271179199219 91.87553405761719 2990.106201171875
434.81561279296875 135.26263427734375 3071.09912109375
450.85321044921875 195.32485961914062 3027.51953125
365.1533203125 97.20419311523438 3052.816162109375
350.47454833984375 142.24789428710938 3153.624267578125
340.82958984375 205.23245239257812 3077.808349609375
395.2687072753906 135.1346893310547 3020.876220703125
416.6844482421875 174.47059631347656 2998.990234375
424.4126892089844 260.6960144042969 2981.111328125
421.9464111328125 330.56732177734375 3045.45947265625
377.7790222167969 176.9470977783203 3041.59228515625
378.7459411621094 262.72369384765625 3037.800048828125
387.9635009765625 330.88482666015625 3077.052978515625
392.8402099609375 50.548248291015625 3011.54052734375
393.36029052734375 94.75778198242188 3020.690673828125
422.34686279296875 92.1180419921875 2990.103515625
434.7359313964844 135.84413146972656 3071.1376953125
451.4022521972656 193.4537811279297 3029.763916015625
364.95489501953125 97.3446044921875 3051.27783203125
350.26824951171875 142.507568359375 3152.459228515625
341.5129089355469 204.8951416015625 3087.989501953125
395.16534423828125 135.18695068359375 3020.871826171875
416.51763916015625 174.3904266357422 3000.381591796875
424.4459228515625 260.6663513183594 2980.640869140625
422.1038513183594 330.8216857910156 3046.89599609375
377.6883850097656 176.81549072265625 3041.724365234375
378.63201904296875 262.70147705078125 3038.365234375
386.0452880859375 333.40545654296875 3087.404052734375
393.0323791503906 50.326324462890625 3010.81982421875
393.4539489746094 94.62606811523438 3019.16845703125
422.2593688964844 92.12132263183594 2989.75390625
434.8113098144531 135.48162841796875 3070.16015625
451.988525390625 193.98760986328125 3031.150634765625
365.2043762207031 97.08245849609375 3048.5830078125
350.4986572265625 142.57806396484375 3151.88525390625
341.5552673339844 205.24456787109375 3086.952392578125
395.1689147949219 135.04144287109375 3020.417724609375
416.482421875 174.26136779785156 3001.5966796875
424.3966064453125 259.92059326171875 2982.7685546875
422.32965087890625 330.9092102050781 3047.64990234375
377.5412292480469 176.57012939453125 3041.7373046875
378.58831787109375 262.5847473144531 3038.343994140625
384.0311279296875 333.31658935546875 3101.703125
393.12115478515625 50.307891845703125 3011.40087890625
393.58984375 94.44955444335938 3019.54541015625
422.30157470703125 92.0167236328125 2990.265380859375
434.9609375 135.45843505859375 3068.7373046875
452.6002197265625 191.00775146484375 3029.1396484375
365.4295654296875 96.83567810058594 3048.825439453125
350.3792419433594 142.34214782714844 3149.262939453125
341.8512268066406 205.0297088623047 3083.06884765625
395.19921875 134.82376098632812 3020.115234375
416.3970642089844 174.06344604492188 3000.660888671875
424.5177917480469 259.4851989746094 2980.00732421875
422.5683288574219 331.3623046875 3043.240234375
377.4769287109375 176.2872772216797 3040.709228515625
378.58648681640625 262.62506103515625 3038.989013671875
383.84783935546875 334.3754577636719 3107.70068359375
393.0820007324219 50.168487548828125 3010.711669921875
393.5418701171875 94.46575927734375 3020.52587890625
422.2607116699219 91.78083801269531 2990.090087890625
435.19342041015625 135.2661590576172 3067.213134765625
452.43011474609375 192.59080505371094 3035.139892578125
365.3960266113281 97.09710693359375 3050.961669921875
350.4408874511719 142.61026000976562 3150.4775390625
341.5809326171875 201.8919219970703 3098.188232421875
395.4294738769531 134.68849182128906 3020.944580078125
416.3866271972656 173.66253662109375 3001.105712890625
424.406005859375 259.2863464355469 2982.531494140625
423.1865539550781 331.7567138671875 3040.0
378.5004577636719 176.1211395263672 3041.620849609375
378.7857971191406 263.0243835449219 3039.365478515625
385.5015869140625 337.8407287597656 3113.3818359375
393.17022705078125 49.878448486328125 3009.81787109375
393.6772155761719 94.54837036132812 3021.827880859375
422.6004943847656 91.86448669433594 2991.845458984375
435.3987121582031 135.24356079101562 3069.0185546875
453.8558044433594 194.1392364501953 3022.18603515625
365.322265625 97.17950439453125 3051.810302734375
350.5402526855469 142.3236083984375 3149.037109375
341.8562316894531 202.10940551757812 3101.65625
395.5611877441406 134.84280395507812 3021.082275390625
416.61956787109375 173.91510009765625 3000.429931640625
424.2851257324219 259.70208740234375 2982.861083984375
423.2032470703125 337.8461608886719 3051.507080078125
378.5236511230469 176.38291931152344 3040.243408203125
379.12945556640625 263.07098388671875 3038.687744140625
386.11224365234375 339.34033203125 3114.832275390625
393.16241455078125 49.313079833984375 3004.849853515625
393.72509765625 94.48857116699219 3022.105712890625
422.7009582519531 91.81590270996094 2992.94482421875
436.1884460449219 135.9722900390625 3070.06494140625
454.7342529296875 194.38768005371094 3027.417724609375
365.3031005859375 97.11015319824219 3051.2666015625
350.63385009765625 142.3756103515625 3150.34423828125
341.7966003417969 202.48814392089844 3092.44287109375
395.6416320800781 134.80935668945312 3021.279052734375
416.781494140625 173.9021759033203 3001.079833984375
424.326171875 259.47607421875 2979.332275390625
423.5408935546875 335.3459167480469 3044.23779296875
378.5819091796875 176.38632202148438 3039.824951171875
379.4458923339844 263.0805358886719 3038.35791015625
386.7296142578125 339.62274169921875 3115.48193359375
393.4466552734375 49.24198913574219 3004.8203125
394.0455322265625 94.04408264160156 3020.79052734375
422.922607421875 91.53013610839844 2991.99169921875
436.2767639160156 135.7957000732422 3069.23388671875
455.7268981933594 193.78897094726562 3020.76171875
365.7138671875 96.51052856445312 3049.58935546875
351.10650634765625 142.26513671875 3149.877197265625
342.0900573730469 202.64134216308594 3087.6591796875
395.7767333984375 134.56207275390625 3020.462646484375
416.83917236328125 173.92950439453125 3000.82177734375
424.2943115234375 259.5150451660156 2976.96484375
423.6620788574219 336.256103515625 3043.26953125
378.42315673828125 176.23345947265625 3039.44775390625
379.4887390136719 262.99273681640625 3038.69189453125
386.2425842285156 338.8561706542969 3115.952880859375
394.0015869140625 48.23838806152344 3004.206298828125
394.42694091796875 94.12863159179688 3021.3046875
423.465087890625 91.69511413574219 2992.30029296875
436.330078125 135.6548614501953 3068.713623046875
456.9755859375 192.67181396484375 3022.37255859375
365.9410095214844 96.51588439941406 3050.30908203125
351.3531188964844 142.0279541015625 3151.074951171875
343.5982666015625 204.6667938232422 3100.669921875
396.00982666015625 134.5986328125 3020.370849609375
417.0075988769531 173.99253845214844 3000.01611328125
424.5333251953125 259.6523132324219 2975.010986328125
423.8416442871094 335.8683166503906 3041.88720703125
378.42791748046875 176.18072509765625 3038.85791015625
379.43768310546875 262.93267822265625 3039.2412109375
386.5174865722656 339.36041259765625 3117.936279296875
393.96923828125 48.27947998046875 3005.37744140625
395.43072509765625 94.31550598144531 3021.39794921875
425.2421875 92.06329345703125 2991.5615234375
437.9211120605469 136.5380401611328 3066.628662109375
457.271728515625 193.6351318359375 3028.0908203125
366.2022705078125 96.523681640625 3051.234375
352.3830261230469 141.40145874023438 3151.737060546875
343.7014465332031 204.04708862304688 3083.236083984375
396.66558837890625 134.66287231445312 3020.329345703125
417.3064270019531 174.09759521484375 2999.802001953125
424.6973876953125 259.96337890625 2975.68701171875
424.4964294433594 339.68292236328125 3023.85986328125
378.74481201171875 175.96792602539062 3038.719482421875
379.42730712890625 262.7544250488281 3039.60791015625
386.44140625 339.5032958984375 3119.408203125
394.11767578125 48.499420166015625 3005.937744140625
395.6204833984375 94.36607360839844 3022.21484375
425.30316162109375 92.00529479980469 2992.97021484375
437.5693054199219 135.82058715820312 3066.03515625
457.9095153808594 192.83416748046875 3022.021728515625
366.50677490234375 96.68161010742188 3051.45947265625
353.657470703125 141.1015625 3153.974609375
344.4065246582031 203.81887817382812 3081.83349609375
397.034912109375 134.61309814453125 3020.45703125
417.73773193359375 173.88534545898438 2999.67236328125
424.94769287109375 259.73394775390625 2975.067138671875
424.265625 337.2766418457031 3031.54931640625
379.40582275390625 175.91586303710938 3037.72607421875
379.48883056640625 262.8465576171875 3039.414794921875
386.066162109375 340.0460205078125 3119.79150390625
395.5133361816406 47.663543701171875 3001.8974609375
398.63818359375 94.87593078613281 3028.02001953125
426.52789306640625 92.78634643554688 2995.145263671875
439.16064453125 136.81394958496094 3067.653564453125
457.99920654296875 194.32342529296875 3018.205810546875
371.34759521484375 96.920654296875 3060.894775390625
354.5212707519531 140.4856414794922 3153.792724609375
345.8651428222656 202.9167938232422 3089.84130859375
399.40496826171875 134.82284545898438 3022.245361328125
420.0097961425781 174.06192016601562 2993.1201171875
425.02978515625 259.89935302734375 2972.642822265625
424.3334655761719 337.8011474609375 3032.147705078125
380.644287109375 175.7701873779297 3039.8212890625
379.6961975097656 262.60284423828125 3042.050537109375
385.7704162597656 340.1454162597656 3127.013427734375
397.6848449707031 47.77864074707031 2998.27685546875
400.54644775390625 94.72126770019531 3032.478759765625
428.4361267089844 91.92509460449219 2994.91064453125
441.8978576660156 135.53909301757812 3065.49169921875
459.44158935546875 192.29122924804688 3015.665771484375
373.33935546875 97.44900512695312 3070.046875
357.007080078125 140.41964721679688 3163.633056640625
346.90423583984375 202.31309509277344 3093.91064453125
402.0349426269531 136.62155151367188 3024.580810546875
424.96875 177.40386962890625 2987.912109375
427.48846435546875 259.5849914550781 2982.662841796875
425.8929443359375 336.203125 3053.15576171875
382.498779296875 180.0533447265625 3045.45361328125
380.3974609375 266.70867919921875 3047.653076171875
385.7358703613281 343.38214111328125 3128.48828125
399.1649169921875 47.72908020019531 2995.990966796875
401.514404296875 94.91134643554688 3034.50537109375
429.59844970703125 91.91165161132812 2993.32373046875
443.8189697265625 135.44589233398438 3060.692626953125
460.2923583984375 192.12286376953125 3004.48486328125
374.18243408203125 97.8306884765625 3075.68701171875
358.79345703125 139.75228881835938 3182.248046875
348.3416748046875 203.63780212402344 3105.52587890625
403.0172424316406 136.6678924560547 3026.43408203125
426.0430908203125 177.234375 2986.927734375
426.7579345703125 257.9978942871094 2977.95947265625
425.2803955078125 335.8919982910156 3067.73046875
383.4566650390625 180.0320281982422 3049.7978515625
382.2599182128906 266.806396484375 3053.016845703125
384.9263916015625 344.34832763671875 3137.00439453125
400.9659118652344 47.71026611328125 2990.3173828125
402.0428161621094 96.10629272460938 3039.00439453125
430.38323974609375 92.64991760253906 2992.25537109375
448.10882568359375 134.72811889648438 3039.093505859375
462.3223876953125 193.13165283203125 2997.777099609375
374.56109619140625 99.45791625976562 3085.75341796875
359.61328125 142.933837890625 3192.330078125
348.7826843261719 200.45436096191406 3113.615966796875
403.7694396972656 138.07110595703125 3029.20458984375
427.19549560546875 178.67311096191406 2983.798095703125
427.21099853515625 258.5567321777344 2978.701904296875
425.13079833984375 335.8365478515625 3073.9150390625
384.3245849609375 181.90542602539062 3055.011474609375
382.4085998535156 266.453125 3054.025390625
384.7981872558594 344.25640869140625 3137.925537109375
402.20147705078125 47.73280334472656 2988.078369140625
403.37396240234375 95.84574890136719 3036.619873046875
432.716552734375 92.49124145507812 2987.242431640625
447.1932373046875 135.51385498046875 3043.50048828125
463.3060302734375 193.33779907226562 2997.361572265625
374.9703369140625 99.09292602539062 3085.997314453125
361.15618896484375 143.955810546875 3191.94677734375
343.25262451171875 191.34262084960938 3243.101318359375
404.73248291015625 139.21719360351562 3026.6728515625
427.86474609375 181.4556427001953 2980.2421875
427.0044860839844 261.20794677734375 2976.588134765625
425.14892578125 337.9393615722656 3060.864990234375
384.8552551269531 184.2597198486328 3053.20947265625
383.1860656738281 264.8680114746094 3057.086181640625
385.4126892089844 341.4642333984375 3143.7705078125
403.6204833984375 47.89776611328125 2986.708251953125
404.5159912109375 96.27198791503906 3037.612060546875
434.26641845703125 92.99470520019531 2988.072509765625
448.9522399902344 136.19595336914062 3041.15185546875
464.98028564453125 194.64683532714844 2998.74853515625
375.7203674316406 99.444091796875 3087.151611328125
361.4536437988281 142.80239868164062 3196.22900390625
346.9168701171875 189.00108337402344 3271.82861328125
405.73944091796875 140.041015625 3027.191650390625
428.5677795410156 182.79232788085938 2980.9443359375
427.14068603515625 262.8092346191406 2973.83935546875
426.09149169921875 340.318115234375 3059.1337890625
385.8818054199219 185.40147399902344 3052.59814453125
384.9148864746094 267.4724426269531 3053.995361328125
385.4976501464844 340.0313720703125 3147.51171875
406.388427734375 47.57170104980469 2986.9736328125
404.5513916015625 96.19345092773438 3037.86279296875
434.0466003417969 93.22904968261719 2991.78857421875
449.935302734375 136.60699462890625 3038.18359375
466.4169921875 193.76077270507812 3000.40576171875
375.9375305175781 99.06925964355469 3083.93701171875
363.8843078613281 145.20858764648438 3205.164794921875
355.67083740234375 204.141357421875 3119.453369140625
405.661865234375 138.59967041015625 3030.7978515625
427.83795166015625 180.0235595703125 2990.8828125
427.40008544921875 264.5477294921875 2972.1474609375
426.6431579589844 342.7221374511719 3052.77294921875
386.16986083984375 182.35919189453125 3056.5830078125
386.6998596191406 267.0489196777344 3045.587646484375
385.5048828125 338.31231689453125 3154.9951171875
410.0810241699219 46.600799560546875 2991.704833984375
406.4690856933594 96.33709716796875 3032.2900390625
435.0313720703125 93.76658630371094 2990.091064453125
450.54833984375 137.23619079589844 3031.146240234375
467.9326477050781 194.6207733154297 2985.4345703125
378.6908264160156 98.83705139160156 3074.489013671875
363.6716003417969 143.9451904296875 3200.643310546875
354.5972900390625 202.34866333007812 3108.803466796875
407.3468933105469 138.1870880126953 3026.822998046875
428.718994140625 179.19424438476562 2991.09765625
428.8448486328125 266.0712890625 2970.67822265625
427.21429443359375 344.5111083984375 3043.010009765625
388.14312744140625 181.16310119628906 3051.6142578125
387.4207763671875 264.40667724609375 3032.823974609375
388.5100402832031 336.22589111328125 3117.948486328125
411.95330810546875 46.63908386230469 2996.2080078125
408.17578125 93.86996459960938 3032.32666015625
436.41046142578125 91.44017028808594 2989.085205078125
452.261962890625 135.38906860351562 3025.585205078125
469.56121826171875 192.51670837402344 2989.352783203125
380.7349853515625 96.2314453125 3075.568115234375
367.3211364746094 143.41143798828125 3186.33251953125
355.5017395019531 203.05105590820312 3122.779052734375
408.68133544921875 136.8374786376953 3025.34912109375
428.9886779785156 179.17396545410156 2988.074951171875
429.62457275390625 264.63336181640625 2971.83154296875
426.27734375 342.27850341796875 3044.697998046875
389.7834167480469 180.81680297851562 3048.668212890625
388.44293212890625 264.8684997558594 3024.528076171875
388.8434143066406 337.66802978515625 3116.0126953125
413.75946044921875 47.378997802734375 3001.692138671875
409.659912109375 94.05078125 3030.853759765625
437.6640930175781 92.07125854492188 2989.607177734375
453.5546875 135.89999389648438 3024.15869140625
470.7019958496094 196.05111694335938 2996.973388671875
382.40771484375 95.97715759277344 3072.100341796875
369.62060546875 142.1880340576172 3184.06689453125
355.9840087890625 199.35723876953125 3156.160400390625
409.62176513671875 135.806884765625 3024.141845703125
429.68218994140625 177.1567840576172 2987.843505859375
429.56353759765625 263.6912536621094 2972.615234375
426.78399658203125 340.037841796875 3064.306396484375
389.87506103515625 178.3292236328125 3047.016357421875
387.0908508300781 262.90692138671875 3038.573486328125
389.2132568359375 338.27911376953125 3114.44482421875
414.92120361328125 47.99467468261719 3005.736572265625
412.12628173828125 92.37394714355469 3031.876708984375
438.9342956542969 90.86961364746094 2991.103759765625
456.6380310058594 134.53536987304688 3027.12890625
472.3109130859375 193.37689208984375 2986.81201171875
386.0297546386719 93.83836364746094 3072.649658203125
370.62969970703125 142.3621826171875 3179.08837890625
358.38079833984375 205.6907501220703 3136.525146484375
411.2150573730469 134.47451782226562 3022.435546875
429.83135986328125 176.58151245117188 2983.33544921875
430.0505065917969 262.5811767578125 2971.10595703125
426.41473388671875 339.30194091796875 3053.07080078125
391.1457214355469 177.09133911132812 3042.6533203125
387.84283447265625 264.08355712890625 3029.784912109375
390.042724609375 338.93841552734375 3104.40966796875
418.5865783691406 47.65470886230469 2990.12109375
412.4563903808594 92.73164367675781 3030.321533203125
439.6845703125 91.0772705078125 2988.28466796875
457.8497314453125 133.90093994140625 3026.05078125
474.4798583984375 193.637451171875 2984.389892578125
385.9732971191406 94.34072875976562 3072.3583984375
370.957275390625 142.46707153320312 3176.3427734375
368.7775573730469 208.20318603515625 3180.76953125
411.7315368652344 134.61239624023438 3021.689208984375
430.1805725097656 176.3999481201172 2983.473876953125
430.6639709472656 262.2874755859375 2972.60888671875
426.3151550292969 338.8846435546875 3050.057861328125
392.1973876953125 177.05984497070312 3042.639892578125
388.0806579589844 264.2535400390625 3022.957763671875
389.661376953125 339.5350646972656 3105.057373046875
417.3760070800781 47.623046875 2996.574462890625
413.2185363769531 92.99058532714844 3028.41162109375
440.32373046875 91.29765319824219 2986.059326171875
458.6104431152344 134.03225708007812 3026.024169921875
475.5290832519531 195.39405822753906 2975.37255859375
386.86102294921875 94.63679504394531 3070.763916015625
374.2891540527344 144.07723999023438 3172.8076171875
366.6433410644531 206.72315979003906 3189.38037109375
412.5373840332031 134.3280487060547 3019.8662109375
431.3087158203125 175.52877807617188 2980.9501953125
431.1229248046875 262.7903747558594 2974.330322265625
426.07781982421875 339.34527587890625 3051.052978515625
392.7845458984375 176.2640838623047 3041.69140625
388.2294616699219 264.0726318359375 3019.237060546875
389.1421203613281 339.41876220703125 3105.596923828125
417.44378662109375 47.64927673339844 3000.08154296875
413.629150390625 93.16120910644531 3026.232177734375
441.24908447265625 91.37911987304688 2982.62353515625
459.352294921875 133.7890167236328 3021.372802734375
476.017822265625 194.33123779296875 2971.83544921875
386.7939147949219 94.89265441894531 3069.8408203125
373.8072509765625 143.4537353515625 3176.1689453125
358.5943298339844 200.13967895507812 3106.83740234375
413.03436279296875 134.29757690429688 3018.5830078125
431.8482360839844 175.23779296875 2980.28955078125
431.6447448730469 263.4573059082031 2976.35400390625
425.98126220703125 342.35870361328125 3055.60693359375
393.416015625 176.03997802734375 3041.578125
388.46478271484375 263.9946594238281 3016.369140625
388.8160400390625 339.8850402832031 3100.66162109375
418.4998474121094 47.696075439453125 3000.940673828125
414.7900085449219 93.05654907226562 3024.97119140625
442.6793212890625 91.33172607421875 2980.571044921875
459.924560546875 134.21255493164062 3018.61669921875
476.94512939453125 193.98170471191406 2971.5693359375
387.70758056640625 94.7314453125 3069.371337890625
373.4566955566406 142.9286346435547 3179.126953125
360.4555969238281 202.01409912109375 3147.99072265625
414.0297546386719 134.15286254882812 3016.83984375
432.1852722167969 175.13381958007812 2978.583251953125
431.68182373046875 263.8595275878906 2978.186767578125
425.472412109375 345.6511535644531 3063.885986328125
394.72064208984375 175.80215454101562 3038.833740234375
388.6797790527344 263.9311218261719 3015.567626953125
388.7501525878906 340.4144592285156 3096.49462890625
419.92584228515625 47.27143859863281 2998.551513671875
415.86676025390625 93.210693359375 3023.37939453125
443.86651611328125 91.67271423339844 2978.394287109375
460.10516357421875 135.5601806640625 3016.314208984375
478.3958740234375 196.6781005859375 2976.6611328125
388.68798828125 94.70361328125 3068.364501953125
374.0255432128906 142.12521362304688 3181.326171875
360.0350036621094 199.9311065673828 3162.76171875
414.7949523925781 134.1025390625 3015.623779296875
432.43988037109375 175.0046844482422 2977.760009765625
431.7897644042969 264.18701171875 2979.3359375
425.71392822265625 346.8991394042969 3069.354248046875
395.36651611328125 175.40179443359375 3037.976318359375
388.751220703125 263.3885192871094 3015.013671875
388.828125 340.6697998046875 3099.04931640625
420.95892333984375 47.12733459472656 2997.59912109375
416.67657470703125 92.76980590820312 3024.5380859375
445.1101379394531 91.46981811523438 2978.738037109375
461.03668212890625 136.28085327148438 3014.12109375
478.8287353515625 196.71295166015625 2977.47216796875
389.0912780761719 94.03102111816406 3070.338134765625
375.50311279296875 141.77911376953125 3183.826416015625
374.3634033203125 200.61062622070312 3212.965087890625
415.1657409667969 133.77508544921875 3016.206787109375
432.6355895996094 174.98374938964844 2977.25341796875
431.632080078125 264.29278564453125 2978.397216796875
426.52203369140625 353.0416564941406 3071.7734375
395.04022216796875 175.0308074951172 3038.49755859375
388.97662353515625 262.3128662109375 3010.990234375
388.43939208984375 340.64300537109375 3097.928466796875
421.775146484375 47.305694580078125 2996.98583984375
418.1943664550781 92.98568725585938 3025.8232421875
447.08172607421875 91.77775573730469 2977.19384765625
464.05950927734375 135.93507385253906 3011.3291015625
478.8186340332031 197.45254516601562 2970.650146484375
390.2208251953125 94.15538024902344 3074.45263671875
376.7540283203125 138.0765380859375 3201.957275390625
369.66839599609375 202.6479034423828 3198.952392578125
416.344970703125 134.0802459716797 3017.4365234375
433.4014587402344 175.49465942382812 2977.1396484375
432.7003479003906 265.09771728515625 2977.7744140625
426.1142578125 349.4765930175781 3067.620849609375
395.9660949707031 175.3150634765625 3040.9599609375
389.0365905761719 262.40911865234375 3011.575439453125
388.10174560546875 340.6766662597656 3097.032958984375
422.36016845703125 47.761932373046875 2995.844482421875
421.5089416503906 93.13250732421875 3017.370361328125
448.9092102050781 93.0865478515625 2971.1826171875
463.51312255859375 136.81753540039062 3010.501708984375
479.14349365234375 196.41049194335938 2966.077880859375
394.93487548828125 93.17706298828125 3063.55810546875
378.0882568359375 136.2255859375 3198.269287109375
368.4047546386719 202.5359649658203 3150.93701171875
418.1000061035156 134.20492553710938 3013.494140625
433.48516845703125 176.2323455810547 2977.729248046875
432.6607666015625 265.94464111328125 2978.307373046875
425.9718017578125 349.967041015625 3072.218994140625
396.2736511230469 174.5518035888672 3041.506591796875
389.16748046875 261.94073486328125 3011.123046875
387.9247131347656 340.32928466796875 3095.14306640625
423.9681091308594 48.86030578613281 2995.037109375
421.0077819824219 93.31082153320312 3018.32666015625
449.357421875 92.97515869140625 2970.19970703125
465.5685729980469 136.55126953125 3006.9794921875
479.59423828125 197.01797485351562 2954.060791015625
393.54803466796875 93.63591003417969 3066.45361328125
378.78570556640625 136.936767578125 3191.483642578125
362.8092346191406 193.9541473388672 3147.5771484375
418.00628662109375 134.33651733398438 3014.15869140625
433.7204895019531 176.13577270507812 2978.010986328125
432.81842041015625 265.74542236328125 2978.57666015625
425.9559326171875 348.4579162597656 3070.70751953125
396.6661376953125 174.82984924316406 3041.970458984375
389.09405517578125 262.03619384765625 3009.92724609375
388.20306396484375 339.2322998046875 3061.756103515625
424.45684814453125 49.440887451171875 2994.83251953125
420.78314208984375 93.46290588378906 3018.463134765625
449.62896728515625 92.97079467773438 2969.680908203125
465.8499755859375 136.21200561523438 3005.095458984375
479.39959716796875 196.89405822753906 2959.09814453125
392.8548583984375 93.93936157226562 3067.245361328125
379.3735656738281 137.65603637695312 3187.521728515625
361.7962341308594 194.71229553222656 3149.585205078125
418.014404296875 134.47335815429688 3014.023681640625
433.97119140625 176.16329956054688 2977.716552734375
432.9010009765625 265.7598876953125 2979.115478515625
425.96771240234375 349.249267578125 3074.264892578125
396.8963317871094 175.05804443359375 3041.451904296875
389.1361999511719 262.03533935546875 3008.867919921875
387.6307373046875 340.357177734375 3071.1357421875
424.33209228515625 49.06071472167969 2994.226318359375
419.91510009765625 92.3868408203125 3010.474365234375
448.186279296875 91.31341552734375 2956.19970703125
466.44696044921875 137.02789306640625 3007.3134765625
479.25482177734375 197.62977600097656 2950.220703125
392.64520263671875 93.42225646972656 3064.7490234375
379.59637451171875 137.0921630859375 3183.30908203125
371.1965637207031 200.3947296142578 3168.83740234375
417.66204833984375 134.00341796875 3009.956787109375
434.0208435058594 175.93472290039062 2973.393798828125
432.7243957519531 265.7303771972656 2975.01416015625
425.7380065917969 348.5384216308594 3067.41552734375
397.2362365722656 175.3410186767578 3045.484619140625
389.3228454589844 262.1403503417969 3011.507080078125
387.92254638671875 340.4881286621094 3082.255615234375
424.2192687988281 48.59275817871094 2993.6376953125
419.955322265625 92.86187744140625 3014.443603515625
448.3963623046875 91.78245544433594 2961.500732421875
466.7240905761719 136.64930725097656 3003.88037109375
479.3791809082031 198.15835571289062 2950.77099609375
392.49603271484375 93.90400695800781 3067.386474609375
379.9810485839844 137.76495361328125 3185.033935546875
365.4171142578125 205.36277770996094 3146.32080078125
417.7476806640625 134.16470336914062 3011.59765625
434.18634033203125 175.807861328125 2973.792724609375
433.0206298828125 265.64581298828125 2975.37158203125
425.709228515625 348.052734375 3066.927734375
397.3138122558594 175.28948974609375 3043.710693359375
389.3873291015625 262.4482727050781 3009.859130859375
386.7733459472656 341.244384765625 3079.90576171875
424.7422180175781 48.17510986328125 2990.3125
420.3991394042969 93.13807678222656 3012.458251953125
449.390380859375 92.20252990722656 2958.166748046875
466.8569641113281 136.39657592773438 3001.3623046875
479.321533203125 197.81983947753906 2933.218994140625
392.43438720703125 94.04046630859375 3066.749755859375
380.240234375 138.38726806640625 3185.83984375
363.1595458984375 204.66497802734375 3144.599365234375
417.98992919921875 134.2994842529297 3010.8369140625
434.263916015625 175.87774658203125 2973.9287109375
433.05780029296875 265.57958984375 2976.268310546875
425.4376220703125 344.9761657714844 3093.629638671875
397.3255310058594 175.1414031982422 3044.50244140625
389.42681884765625 262.49298095703125 3009.70458984375
385.87823486328125 341.35125732421875 3079.33056640625
424.822998046875 47.768096923828125 2987.902099609375
420.4175720214844 93.18180847167969 3013.2548828125
449.4835205078125 92.15501403808594 2959.89111328125
466.7747802734375 136.5762939453125 2999.215576171875
479.00885009765625 198.81301879882812 2931.960693359375
392.3631591796875 94.17286682128906 3066.61865234375
379.23309326171875 142.97030639648438 3176.991943359375
359.71893310546875 195.89022827148438 3128.25146484375
418.1563720703125 134.0492401123047 3009.91845703125
434.78863525390625 175.29978942871094 2971.6494140625
433.2413635253906 265.030029296875 2976.81005859375
425.49468994140625 345.9205322265625 3082.790771484375
397.42584228515625 174.72171020507812 3041.5146484375
389.3539733886719 262.73101806640625 3008.3828125
382.80633544921875 341.50250244140625 3081.744873046875
424.7683410644531 47.34306335449219 2985.93017578125
420.5432434082031 93.36470031738281 3013.226318359375
449.57684326171875 92.35160827636719 2960.2978515625
462.7279052734375 135.5058135986328 2998.44189453125
478.1800537109375 198.1438446044922 2937.589599609375
392.511962890625 94.34280395507812 3066.15478515625
379.8190002441406 142.04379272460938 3178.08203125
359.01214599609375 196.08050537109375 3117.156982421875
418.2666015625 134.08592224121094 3009.08251953125
435.0824279785156 175.2130584716797 2969.91015625
433.2160949707031 265.0354309082031 2976.58984375
425.29034423828125 345.018310546875 3074.67724609375
397.3251037597656 174.63262939453125 3039.96728515625
389.2317199707031 262.52386474609375 3006.80859375
382.6255798339844 341.48980712890625 3080.08056640625
424.3232116699219 47.048065185546875 2985.77685546875
420.36322021484375 93.36906433105469 3012.14892578125
449.5696105957031 92.33027648925781 2960.259033203125
464.167236328125 135.90243530273438 2998.41796875
477.1800842285156 198.75982666015625 2927.0712890625
392.14605712890625 94.3726806640625 3064.038818359375
378.92889404296875 143.1525421142578 3175.36376953125
359.29840087890625 201.21905517578125 3115.305419921875
418.1961669921875 133.92332458496094 3007.355712890625
435.0110168457031 174.858154296875 2968.641845703125
433.1711120605469 264.7989501953125 2975.0732421875
425.87408447265625 350.12164306640625 3074.89990234375
397.45758056640625 174.361572265625 3036.483154296875
389.09759521484375 262.6845703125 3006.737060546875
382.74298095703125 339.2246398925781 3043.361572265625
424.1314697265625 46.81196594238281 2985.531005859375
419.5803527832031 93.55043029785156 3010.21630859375
448.8878173828125 92.22157287597656 2959.107666015625
464.09124755859375 136.30767822265625 2991.595458984375
476.8897399902344 198.64080810546875 2922.544677734375
391.25146484375 94.83489990234375 3061.324951171875
379.1503601074219 142.76971435546875 3178.098388671875
358.3143615722656 203.50979614257812 3123.918701171875
417.90838623046875 133.95558166503906 3005.343505859375
435.581787109375 174.5377197265625 2966.5732421875
433.20111083984375 264.6777038574219 2976.331298828125
425.8085632324219 347.82611083984375 3072.89208984375
397.31256103515625 174.447265625 3034.3681640625
388.55474853515625 262.58648681640625 2999.960205078125
384.13250732421875 338.9356384277344 3043.921142578125
424.0976257324219 46.64045715332031 2984.06201171875
419.1228942871094 93.87544250488281 3010.834716796875
448.5098571777344 92.40119934082031 2959.606689453125
464.15008544921875 136.44723510742188 2995.74951171875
476.302734375 199.28811645507812 2918.130615234375
390.71923828125 95.30036926269531 3062.062744140625
377.23974609375 142.73580932617188 3180.126220703125
359.2355651855469 200.2150421142578 3113.97607421875
417.58953857421875 134.01773071289062 3003.988525390625
435.49261474609375 174.2894287109375 2963.14599609375
432.72137451171875 263.8708801269531 2972.555908203125
426.0458984375 345.8480224609375 3062.04296875
397.0418701171875 174.3961639404297 3031.138671875
387.3480224609375 262.35028076171875 2988.899658203125
383.13323974609375 339.1678466796875 3053.584228515625
423.3753662109375 45.76802062988281 2977.28466796875
418.87255859375 93.59590148925781 3009.076904296875
448.13323974609375 92.24122619628906 2958.065185546875
464.34478759765625 136.15890502929688 2998.697265625
475.6378479003906 196.8112030029297 2923.44384765625
390.58740234375 94.90541076660156 3060.088623046875
376.5480041503906 142.17684936523438 3175.434814453125
357.1213684082031 201.38323974609375 3109.00390625
417.102294921875 133.76834106445312 3000.810302734375
435.01568603515625 174.18612670898438 2958.138427734375
432.5000915527344 263.923095703125 2970.542724609375
425.9737548828125 345.2836608886719 3060.425048828125
396.07659912109375 174.1398468017578 3026.948974609375
386.5500793457031 262.2131042480469 2985.64697265625
383.452392578125 339.6537780761719 3063.994873046875
421.0401306152344 45.50682067871094 2967.1767578125
416.1498107910156 91.70220947265625 2998.95654296875
445.0466613769531 89.44432067871094 2941.607666015625
460.7821044921875 132.52198791503906 3000.699951171875
474.3870849609375 196.73016357421875 2926.49609375
388.33740234375 93.87535095214844 3056.305419921875
375.0964660644531 140.94696044921875 3173.566162109375
364.5682373046875 195.8984832763672 3164.4716796875
415.2200927734375 132.64794921875 2993.284423828125
433.657470703125 173.30731201171875 2949.023681640625
430.8094787597656 261.013427734375 2961.60400390625
426.08160400390625 343.69073486328125 3049.814208984375
395.41015625 174.17974853515625 3026.200927734375
387.2479248046875 262.7940368652344 2993.0078125
384.65032958984375 339.24871826171875 3059.353515625
419.4075927734375 45.50691223144531 2964.95654296875
413.4945373535156 94.71345520019531 3001.709228515625
441.3612365722656 92.51573181152344 2948.370849609375
461.1273498535156 131.6307373046875 3001.601318359375
472.0328063964844 193.8343505859375 2930.19921875
386.60089111328125 96.83442687988281 3055.047607421875
372.87786865234375 145.66958618164062 3165.75537109375
353.2870178222656 204.74807739257812 3079.54296875
412.6622009277344 134.30551147460938 2992.17431640625
431.7580871582031 173.6060028076172 2944.494384765625
429.89013671875 259.3393859863281 2956.46240234375
426.359619140625 341.32373046875 3035.729248046875
392.3944091796875 174.68161010742188 3020.784423828125
387.0190734863281 263.12921142578125 2994.38330078125
384.5591735839844 339.9153747558594 3061.904541015625
418.43963623046875 45.782073974609375 2965.616943359375
412.5299072265625 92.66767883300781 3001.0234375
442.5150451660156 90.50039672851562 2948.4658203125
459.9625549316406 134.31472778320312 2988.6640625
470.95477294921875 194.14425659179688 2928.96044921875
383.57696533203125 94.76034545898438 3053.5810546875
372.4709167480469 144.42388916015625 3144.747314453125
369.3408203125 202.6608428955078 3178.08740234375
411.6983642578125 133.52761840820312 2990.831787109375
430.7900085449219 174.19754028320312 2945.70703125
429.9189453125 259.9945068359375 2958.414794921875
426.3792724609375 341.2075500488281 3036.076171875
391.3940124511719 175.1255340576172 3015.5732421875
386.82525634765625 263.5951843261719 2993.14208984375
385.6478576660156 339.9020080566406 3063.569580078125
417.364990234375 46.0914306640625 2965.02978515625
412.696044921875 93.23635864257812 2999.626708984375
442.1461486816406 91.35592651367188 2947.107177734375
458.4241638183594 136.33871459960938 2991.94091796875
469.661865234375 196.4294891357422 2924.75439453125
384.25946044921875 95.05203247070312 3052.146240234375
371.0977478027344 141.63107299804688 3134.889404296875
352.9377136230469 204.20962524414062 3089.328857421875
411.4589538574219 133.89425659179688 2989.766845703125
429.9864196777344 174.53440856933594 2944.6220703125
429.46435546875 260.51226806640625 2955.349365234375
425.8352355957031 341.643310546875 3036.937255859375
390.9036865234375 175.1012725830078 3015.19189453125
385.9495849609375 263.3661804199219 2990.043212890625
385.9181823730469 339.3403015136719 3066.88330078125
416.6294250488281 45.770965576171875 2962.67333984375
410.431396484375 93.42041015625 2985.492919921875
440.42724609375 92.02261352539062 2944.35009765625
456.12738037109375 134.87652587890625 2969.505615234375
466.6531066894531 196.8365478515625 2921.620849609375
381.2510681152344 94.78021240234375 3026.6357421875
370.1038513183594 141.2149200439453 3132.980224609375
349.4877014160156 204.43675231933594 3079.3544921875
409.584228515625 133.78907775878906 2980.437744140625
429.52349853515625 174.10922241210938 2946.821044921875
429.2245178222656 259.9137268066406 2957.380615234375
425.746826171875 340.57147216796875 3034.630126953125
388.34014892578125 174.47706604003906 3003.944091796875
384.49517822265625 263.28265380859375 2983.10791015625
385.1207580566406 340.2844543457031 3065.49169921875
414.2193603515625 43.73692321777344 2952.468017578125
409.62744140625 92.78677368164062 2981.63232421875
440.14630126953125 91.39732360839844 2941.26611328125
451.5321350097656 133.5410919189453 2970.419189453125
464.90570068359375 196.55337524414062 2921.1044921875
379.9239196777344 94.13908386230469 3021.99853515625
368.4428405761719 140.39892578125 3131.68896484375
350.9049377441406 203.8057403564453 3087.24755859375
408.8646240234375 133.4381103515625 2978.114013671875
428.2793273925781 174.00540161132812 2947.8271484375
428.4217529296875 259.0879821777344 2959.16455078125
425.67926025390625 336.59716796875 3026.1845703125
388.2806091308594 174.36257934570312 3001.3642578125
383.2874755859375 263.00799560546875 2981.329833984375
384.92327880859375 341.382080078125 3090.761962890625
414.16778564453125 44.079803466796875 2953.59033203125
409.3515625 92.77497863769531 2983.96533203125
439.49346923828125 91.43507385253906 2941.514404296875
451.84222412109375 133.9827880859375 2976.645751953125
462.87445068359375 195.91232299804688 2916.138671875
380.05523681640625 94.0772705078125 3026.416259765625
367.02325439453125 140.6201171875 3131.09619140625
347.9014587402344 202.10655212402344 3079.517822265625
408.28143310546875 133.4631805419922 2978.0146484375
427.18646240234375 174.2060546875 2943.8740234375
427.84356689453125 259.279296875 2957.968505859375
425.4498596191406 337.7049560546875 3029.3359375
387.60302734375 174.42051696777344 3000.25390625
382.90704345703125 263.0926513671875 2982.8876953125
385.34661865234375 340.39813232421875 3083.462890625
412.5382995605469 43.13087463378906 2950.26318359375
408.6078186035156 93.06854248046875 2981.962646484375
438.8514099121094 91.91371154785156 2940.01318359375
450.07855224609375 135.52944946289062 2979.486572265625
461.3935852050781 195.3815460205078 2916.785888671875
379.2033386230469 94.19134521484375 3023.912109375
365.6498718261719 140.9208984375 3130.56591796875
346.0766296386719 200.48687744140625 3076.75390625
407.33233642578125 133.59109497070312 2976.1708984375
425.665283203125 174.27413940429688 2943.11279296875
426.65484619140625 260.71270751953125 2959.8173828125
423.962646484375 338.2793884277344 3032.719970703125
386.7952880859375 174.2692413330078 2997.6455078125
382.4808349609375 262.9892272949219 2983.85009765625
384.95562744140625 339.970458984375 3077.6103515625
412.33721923828125 43.57598876953125 2953.939697265625
407.53302001953125 92.82212829589844 2981.9892578125
437.3752136230469 91.56304931640625 2939.89599609375
449.2342224121094 136.3719482421875 2984.364013671875
460.1339111328125 196.9915008544922 2923.36181640625
378.5216064453125 94.04617309570312 3024.08251953125
365.0044860839844 140.54302978515625 3129.4248046875
346.5548400878906 202.69996643066406 3078.511474609375
406.3485107421875 133.52398681640625 2975.740966796875
425.473876953125 174.33505249023438 2940.796630859375
426.033203125 261.4341735839844 2957.284423828125
423.8363342285156 338.8860168457031 3034.60205078125
385.2330627441406 174.45803833007812 2998.188720703125
381.80474853515625 263.35479736328125 2989.945556640625
385.18505859375 339.8928527832031 3086.18994140625
408.7566833496094 45.24275207519531 2978.027099609375
405.294677734375 92.35118103027344 2984.3134765625
434.21435546875 90.68696594238281 2938.2099609375
448.7236633300781 137.80026245117188 2986.23828125
459.6751708984375 198.43069458007812 2918.7744140625
377.25494384765625 93.96476745605469 3030.4169921875
363.1753234863281 140.76333618164062 3133.247802734375
346.06256103515625 200.1387481689453 3061.92578125
404.2780456542969 133.60150146484375 2976.908203125
423.80267333984375 174.7969207763672 2936.728271484375
426.2093811035156 261.8972473144531 2956.2626953125
423.8025817871094 339.2991943359375 3038.726806640625
383.1585693359375 175.31253051757812 3002.277587890625
381.51153564453125 263.0230712890625 2990.285400390625
385.1327209472656 339.4468994140625 3085.05908203125
407.1336669921875 47.5557861328125 2984.826904296875
405.3490905761719 92.635986328125 2984.724365234375
434.58404541015625 91.14183044433594 2939.33203125
448.20452880859375 137.7021026611328 2986.300048828125
459.1826477050781 198.0966796875 2924.4951171875
376.99005126953125 94.08535766601562 3030.11669921875
361.77630615234375 141.51223754882812 3131.918701171875
345.73101806640625 202.0753936767578 3071.027587890625
404.1380615234375 133.57928466796875 2976.6240234375
423.2609558105469 174.58851623535156 2936.9267578125
425.8783264160156 262.3955078125 2957.42529296875
424.2818603515625 345.8585205078125 3053.30712890625
383.00830078125 174.90023803710938 3000.12060546875
380.9012145996094 263.2762451171875 2991.3759765625
384.3607482910156 339.8587646484375 3086.939697265625
406.9207458496094 47.11106872558594 2978.42333984375
405.2448425292969 92.98446655273438 2984.971435546875
434.6009216308594 91.38053894042969 2940.889892578125
448.43341064453125 137.4130859375 2982.560546875
459.1290588378906 197.63577270507812 2920.840576171875
376.7431640625 94.54171752929688 3029.052978515625
359.3686218261719 140.9200439453125 3119.8115234375
344.9984130859375 203.5103759765625 3063.20166015625
404.3272399902344 133.89117431640625 2977.243408203125
423.6397399902344 174.75247192382812 2939.1201171875
425.9998779296875 261.88092041015625 2956.787109375
424.9653625488281 346.12957763671875 3039.95947265625
383.580078125 175.26390075683594 2999.91064453125
380.3524169921875 263.31341552734375 2999.37060546875
383.9518127441406 340.44097900390625 3088.474365234375
406.44085693359375 46.81898498535156 2975.23486328125
404.45196533203125 94.52352905273438 2988.15673828125
433.3554992675781 92.87876892089844 2946.469970703125
447.9787292480469 135.42922973632812 2981.8076171875
459.3904724121094 195.8028564453125 2916.60888671875
376.3437805175781 96.123046875 3029.843505859375
360.3446044921875 142.60629272460938 3124.819580078125
344.88714599609375 205.85134887695312 3054.36962890625
403.7285461425781 134.5738525390625 2978.0595703125
423.24053955078125 174.54092407226562 2938.825439453125
425.878662109375 261.6470947265625 2956.628173828125
424.50250244140625 344.1215515136719 3044.071044921875
383.1534423828125 175.2454833984375 2997.099365234375
379.9295349121094 263.51068115234375 3000.658935546875
383.55950927734375 340.9492492675781 3088.116455078125
406.1487121582031 46.83837890625 2972.50390625
404.4219970703125 93.96073913574219 2986.827880859375
433.6406555175781 92.35682678222656 2943.9921875
447.5489196777344 135.7940216064453 2982.909912109375
459.39642333984375 196.33834838867188 2920.171630859375
376.0295715332031 95.51933288574219 3029.66357421875
360.3512268066406 142.41871643066406 3123.865966796875
344.3776550292969 203.84100341796875 3060.775634765625
403.5483703613281 134.18173217773438 2976.897705078125
422.96783447265625 174.37322998046875 2937.250732421875
426.12847900390625 261.75634765625 2948.977294921875
424.5068359375 344.06011962890625 3031.234619140625
382.7724914550781 174.9646759033203 2996.684326171875
379.5605163574219 263.28076171875 3003.05859375
383.177490234375 341.23785400390625 3088.572021484375
405.7193603515625 46.86225891113281 2971.6826171875
403.2768859863281 94.67652893066406 2986.9365234375
432.753173828125 92.66766357421875 2944.86865234375
447.20166015625 135.19729614257812 2984.142822265625
459.1380615234375 195.84820556640625 2928.8076171875
374.61932373046875 96.62959289550781 3029.00439453125
360.6374206542969 143.1492919921875 3124.048828125
345.6025085449219 206.4363250732422 3057.6640625
403.0466613769531 134.53916931152344 2976.58154296875
422.9192810058594 174.08932495117188 2937.598388671875
426.1419982910156 261.4155578613281 2950.775146484375
423.8416748046875 342.4563293457031 3027.291259765625
383.09478759765625 175.25962829589844 2994.854736328125
380.076171875 263.5362243652344 2997.89501953125
383.4871826171875 341.2776794433594 3083.4765625
405.3050537109375 46.416412353515625 2969.80859375
402.5797119140625 93.03007507324219 2982.014892578125
431.9297790527344 90.8941650390625 2940.65869140625
447.015380859375 135.0924072265625 2985.308349609375
458.7989501953125 194.1674041748047 2930.326416015625
374.0325927734375 95.10757446289062 3023.37109375
359.788818359375 142.28114318847656 3117.5302734375
343.54644775390625 205.11932373046875 3042.06396484375
402.6188659667969 133.57728576660156 2973.736083984375
422.7344970703125 173.6721954345703 2937.202880859375
425.81414794921875 261.5108337402344 2951.8369140625
423.7337646484375 342.0510559082031 3034.58984375
382.9609375 175.01678466796875 2993.711669921875
380.36236572265625 263.42156982421875 2996.61083984375
383.4205627441406 340.8854675292969 3085.20166015625
404.949951171875 45.86216735839844 2968.732177734375
402.7385559082031 92.2210693359375 2980.189697265625
432.5478515625 90.34567260742188 2939.74365234375
446.7227783203125 135.37652587890625 2986.0654296875
458.8210754394531 193.9168701171875 2926.78759765625
373.7275695800781 94.04623413085938 3020.6357421875
359.698486328125 140.00213623046875 3116.766845703125
344.0168762207031 203.43421936035156 3048.601806640625
402.483642578125 132.86575317382812 2972.517822265625
422.30194091796875 173.21282958984375 2937.62158203125
425.8531799316406 261.1107177734375 2954.179443359375
423.67333984375 340.96759033203125 3032.5625
382.5181884765625 174.219482421875 2992.0703125
380.245849609375 263.38592529296875 2996.316650390625
383.1015319824219 340.51519775390625 3084.343994140625
404.705810546875 45.41319274902344 2969.05615234375
402.98077392578125 92.42410278320312 2981.07568359375
432.835693359375 90.72344970703125 2940.373291015625
446.512939453125 136.0028839111328 2987.43798828125
459.39398193359375 195.12606811523438 2926.909423828125
373.9301452636719 94.07893371582031 3021.778076171875
359.71966552734375 140.18321228027344 3117.7783203125
343.035888671875 200.19638061523438 3049.33984375
402.476806640625 132.892822265625 2973.728271484375
422.30841064453125 173.16842651367188 2938.656494140625
426.598876953125 264.6716003417969 2963.171875
423.79754638671875 343.7237854003906 3044.83935546875
382.0089416503906 173.9483184814453 2994.105224609375
380.22967529296875 263.15045166015625 2996.3984375
383.3287048339844 340.1383972167969 3083.941162109375
403.8030700683594 44.89588928222656 2968.177978515625
403.0414733886719 92.50593566894531 2982.12353515625
432.56011962890625 90.96229553222656 2942.898193359375
446.42987060546875 136.22494506835938 2989.55419921875
459.1347961425781 195.37142944335938 2920.955322265625
374.2892761230469 94.00950622558594 3021.348876953125
359.647216796875 140.00665283203125 3117.924560546875
343.5033264160156 200.74925231933594 3047.521484375
402.4201965332031 132.7615966796875 2974.614501953125
421.9994812011719 172.90065002441406 2940.26708984375
425.59063720703125 263.86444091796875 2966.5009765625
424.12591552734375 343.3355712890625 3037.955322265625
381.95428466796875 173.53564453125 2993.94384765625
380.23455810546875 262.7586669921875 2996.180908203125
383.7982482910156 338.1965026855469 3080.95068359375
403.2041015625 44.664215087890625 2967.9716796875
402.58868408203125 92.22178649902344 2981.150390625
432.26165771484375 90.52687072753906 2943.037353515625
446.4802551269531 135.91465759277344 2990.174072265625
458.3692626953125 193.97372436523438 2928.165771484375
373.664794921875 93.8739013671875 3019.263427734375
359.330078125 139.97525024414062 3114.505859375
342.93206787109375 200.2487335205078 3047.0869140625
402.2750244140625 132.62091064453125 2974.09033203125
422.221923828125 172.77099609375 2941.015869140625
425.4825744628906 263.2718200683594 2968.55078125
425.1102294921875 344.8680114746094 3042.052490234375
382.050048828125 173.6458740234375 2993.044677734375
380.292236328125 263.05267333984375 2996.040283203125
382.65960693359375 342.24114990234375 3084.18798828125
402.8343505859375 44.75111389160156 2966.739501953125
402.39849853515625 92.37290954589844 2981.46484375
432.0431823730469 90.56405639648438 2943.041748046875
446.44293212890625 135.9222412109375 2991.1708984375
458.4237060546875 194.7838592529297 2932.209228515625
373.5081787109375 94.13572692871094 3019.887939453125
359.0165100097656 139.60023498535156 3112.424072265625
343.1166076660156 200.7825927734375 3036.0205078125
402.2190246582031 132.62896728515625 2974.2236328125
422.33837890625 172.56434631347656 2940.6884765625
425.65704345703125 262.4571838378906 2961.780517578125
424.9897155761719 344.1441650390625 3039.68505859375
382.0955505371094 173.58963012695312 2993.2763671875
380.3712463378906 262.9276428222656 2996.245849609375
383.032958984375 339.67803955078125 3081.9892578125
402.5594482421875 44.93153381347656 2966.372802734375
402.4521789550781 92.19110107421875 2980.0908203125
432.33428955078125 90.52079772949219 2942.55908203125
446.3599548339844 136.86419677734375 2994.720947265625
458.21844482421875 196.25228881835938 2938.748291015625
373.31341552734375 93.81988525390625 3017.62255859375
358.29522705078125 138.64370727539062 3110.66650390625
343.1017150878906 200.84413146972656 3031.745849609375
402.1654052734375 132.44427490234375 2973.58837890625
422.2261962890625 172.43710327148438 2941.530517578125
425.5417175292969 261.8766174316406 2958.432861328125
424.987060546875 343.77752685546875 3036.17236328125
381.8760681152344 173.3031768798828 2992.641357421875
380.2257080078125 262.51788330078125 2996.012939453125
382.89178466796875 337.31072998046875 3077.938720703125
402.1792297363281 45.17987060546875 2966.5732421875
402.20263671875 92.10623168945312 2979.36962890625
432.0273742675781 90.42283630371094 2942.716796875
446.3430480957031 136.998779296875 2995.062744140625
457.4561767578125 195.41397094726562 2935.1337890625
373.1027526855469 93.74871826171875 3016.0224609375
357.5177307128906 138.4365692138672 3109.245849609375
343.5646057128906 204.39486694335938 3016.256591796875
402.0220031738281 132.32090759277344 2973.8203125
422.13287353515625 172.223388671875 2943.32421875
425.3843688964844 261.38677978515625 2958.404296875
424.9496765136719 341.6338195800781 3023.32177734375
381.8868408203125 173.1407928466797 2993.2177734375
380.1720886230469 262.08233642578125 2995.976318359375
384.3887023925781 332.1292419433594 3067.70556640625
401.985595703125 45.213623046875 2966.597900390625
401.9144287109375 91.98580932617188 2978.807373046875
431.6709289550781 90.24284362792969 2943.06005859375
446.0308532714844 136.98849487304688 2995.05517578125
456.8182067871094 195.35086059570312 2921.057861328125
372.8636169433594 93.68748474121094 3014.5546875
356.8538818359375 138.52561950683594 3108.241455078125
343.33978271484375 203.62521362304688 3011.76708984375
401.8896484375 132.27890014648438 2973.640380859375
422.11187744140625 172.19345092773438 2944.140625
425.3504333496094 261.028564453125 2957.19970703125
424.6236267089844 339.5666809082031 3019.555419921875
381.94696044921875 173.22262573242188 2992.80615234375
380.1007995605469 262.13568115234375 2996.858642578125
384.1804504394531 333.98785400390625 3072.01904296875
402.00115966796875 45.71928405761719 2967.894775390625
401.30810546875 91.76699829101562 2976.7255859375
431.3604431152344 89.9527587890625 2942.578125
445.7455749511719 136.79156494140625 2995.53125
456.78009033203125 193.585205078125 2933.05419921875
371.93743896484375 93.54011535644531 3010.873046875
354.73291015625 139.59698486328125 3105.421142578125
342.0093688964844 205.66221618652344 3002.34228515625
401.51519775390625 132.103759765625 2972.54833984375
422.1396789550781 171.95849609375 2945.155517578125
425.3572998046875 260.5736999511719 2957.51611328125
424.0698547363281 338.2967529296875 3019.259765625
381.62298583984375 173.14035034179688 2991.586669921875
379.87957763671875 262.4856872558594 2997.231689453125
384.01129150390625 335.4209899902344 3071.97509765625
401.8033447265625 45.810516357421875 2968.838623046875
401.08056640625 91.49931335449219 2976.164306640625
431.05908203125 89.65966796875 2942.98193359375
445.1475524902344 136.7872772216797 2998.947021484375
456.8338623046875 194.26553344726562 2931.564697265625
371.7631530761719 93.29837036132812 3009.3466796875
355.171875 139.84994506835938 3105.416259765625
342.17779541015625 206.08065795898438 2994.59130859375
401.3971252441406 131.93446350097656 2972.42919921875
422.1199951171875 171.84075927734375 2946.08935546875
425.32366943359375 260.1002197265625 2956.78759765625
423.91363525390625 337.10833740234375 3017.0498046875
381.6173400878906 173.0924530029297 2991.298828125
379.7804870605469 262.55682373046875 2998.564453125
382.72296142578125 338.71820068359375 3091.62646484375
401.1282958984375 45.41481018066406 2968.82373046875
400.7283935546875 91.42161560058594 2976.106201171875
430.8193054199219 89.53627014160156 2944.15576171875
444.7358703613281 136.24014282226562 3000.15673828125
456.10699462890625 193.68544006347656 2935.258056640625
371.2767028808594 93.26692199707031 3008.056640625
354.5757141113281 140.36224365234375 3100.98828125
342.116455078125 206.5405731201172 2987.662841796875
401.18951416015625 131.80926513671875 2972.309326171875
422.1158447265625 171.6151885986328 2946.771728515625
425.23919677734375 259.6212463378906 2958.885986328125
424.0906982421875 337.6098327636719 3020.217529296875
381.48541259765625 172.97531127929688 2990.253173828125
379.7008056640625 262.8888854980469 2999.19677734375
383.11053466796875 338.6376647949219 3085.335693359375
401.0054626464844 45.355010986328125 2967.54638671875
399.7469787597656 91.65676879882812 2972.03662109375
429.20208740234375 89.38827514648438 2938.34423828125
444.53546142578125 134.9204559326172 3002.101318359375
456.99188232421875 193.3782958984375 2933.24755859375
370.95220947265625 93.87445068359375 3005.72900390625
353.5582580566406 141.31610107421875 3095.32470703125
341.95977783203125 207.4306182861328 2985.820068359375
400.6689758300781 131.86767578125 2969.998291015625
421.98626708984375 171.20269775390625 2944.599365234375
425.39996337890625 259.2350769042969 2955.60595703125
423.71649169921875 337.2484130859375 3021.782470703125
381.5167236328125 173.0503387451172 2991.320556640625
379.85498046875 262.91558837890625 3002.3046875
383.34765625 338.4759826660156 3083.8671875
400.6446838378906 45.08586120605469 2965.11767578125
399.78851318359375 91.19923400878906 2972.689208984375
429.59173583984375 89.01449584960938 2939.738525390625
444.4869384765625 135.05633544921875 3000.679443359375
456.6728210449219 192.87571716308594 2937.896728515625
370.6387939453125 93.33609008789062 3005.639892578125
354.16912841796875 140.8637237548828 3096.65771484375
342.0580749511719 207.06704711914062 2992.539306640625
400.6256408691406 131.6289825439453 2970.34765625
421.7799987792969 171.25209045410156 2945.5146484375
425.6288146972656 258.3879089355469 2953.663818359375
424.1296691894531 331.80609130859375 3017.908203125
381.45367431640625 172.97984313964844 2990.49755859375
379.7331848144531 262.92218017578125 3002.216064453125
384.7828063964844 334.894775390625 3071.970458984375
400.64312744140625 45.07524108886719 2963.77099609375
399.79150390625 91.13002014160156 2971.870361328125
429.6885070800781 89.02505493164062 2939.86279296875
444.0816650390625 135.66598510742188 3002.707275390625
456.6261901855469 193.95640563964844 2941.139892578125
370.5316467285156 93.19015502929688 3003.8779296875
353.5224914550781 140.76052856445312 3091.682373046875
340.72930908203125 205.1813201904297 2996.9501953125
400.5875549316406 131.60870361328125 2969.933837890625
421.6512145996094 171.31167602539062 2946.265380859375
425.5018615722656 258.4766540527344 2951.68798828125
423.73687744140625 334.1198425292969 3020.046875
381.4126892089844 172.9567413330078 2989.729248046875
379.67388916015625 262.9644470214844 3002.5537109375
384.19891357421875 336.0133056640625 3075.47607421875
400.78558349609375 45.330841064453125 2963.26318359375
399.562255859375 92.20372009277344 2968.474853515625
429.4151611328125 90.20783996582031 2938.896240234375
443.7500305175781 137.48178100585938 3001.65185546875
455.97369384765625 194.8359375 2942.72412109375
370.29840087890625 94.16021728515625 2998.053466796875
354.09002685546875 139.20291137695312 3094.3447265625
339.8948669433594 205.0902862548828 2999.30126953125
400.4031677246094 132.1399383544922 2968.2080078125
421.49261474609375 171.27536010742188 2947.829345703125
425.55206298828125 258.9111328125 2953.023193359375
423.53985595703125 334.7180480957031 3023.0966796875
381.2684631347656 172.8804473876953 2988.052978515625
379.46405029296875 262.6847839355469 3000.814208984375
383.7204284667969 336.4833984375 3076.63232421875
400.7794494628906 45.289825439453125 2963.069091796875
399.14337158203125 91.41439819335938 2968.177734375
428.9696044921875 89.2652587890625 2938.35205078125
443.34326171875 137.1087646484375 3003.58251953125
456.4059143066406 194.44866943359375 2941.50390625
369.9105529785156 93.52078247070312 2998.00341796875
353.41790771484375 139.67886352539062 3092.546630859375
340.19232177734375 201.2032470703125 3011.562255859375
400.18048095703125 131.7484130859375 2968.06103515625
421.51873779296875 171.18077087402344 2947.59423828125
425.607421875 258.4206237792969 2951.76220703125
423.369384765625 334.5009765625 3025.08935546875
381.19317626953125 172.9780731201172 2988.29443359375
379.35504150390625 262.8016052246094 3000.496826171875
383.3505554199219 337.792724609375 3079.242919921875
400.9197998046875 45.380615234375 2963.40478515625
398.9912414550781 91.20114135742188 2968.476318359375
429.1116638183594 89.11726379394531 2939.55419921875
443.2485656738281 137.18515014648438 3004.25732421875
456.2281188964844 194.46322631835938 2934.65771484375
369.4521179199219 93.24481201171875 2997.3984375
353.1584777832031 139.81088256835938 3091.30419921875
339.63726806640625 199.62179565429688 3011.145263671875
399.99041748046875 131.70574951171875 2968.487548828125
421.290283203125 171.3433074951172 2948.9560546875
425.4515686035156 258.1075744628906 2951.663330078125
423.2481689453125 334.4494934082031 3025.72216796875
380.9543762207031 173.06546020507812 2988.04150390625
379.12762451171875 263.0488586425781 2999.506591796875
382.1949157714844 341.5826416015625 3075.999755859375
400.95281982421875 45.260162353515625 2963.13134765625
398.983642578125 91.15501403808594 2969.27978515625
429.2252502441406 89.1790771484375 2940.1318359375
442.73773193359375 137.61541748046875 3005.803466796875
456.5413818359375 194.47140502929688 2940.2626953125
369.33001708984375 93.092529296875 2998.427734375
353.0393981933594 139.42568969726562 3085.671875
339.8948669433594 199.62322998046875 3023.762939453125
399.80908203125 131.864501953125 2968.59423828125
420.89190673828125 171.81045532226562 2948.34033203125
425.3872985839844 258.3150939941406 2951.4609375
423.0544128417969 334.2691650390625 3026.30517578125
380.6431579589844 173.3648681640625 2987.47705078125
379.16949462890625 263.44598388671875 2998.46142578125
382.406005859375 340.54449462890625 3079.73876953125
400.8146667480469 45.193267822265625 2963.529052734375
398.4752197265625 90.63133239746094 2968.21826171875
428.244384765625 88.54794311523438 2940.27587890625
442.1565856933594 137.887939453125 3005.42529296875
455.35418701171875 195.5792694091797 2946.436279296875
369.2613220214844 92.67587280273438 2996.16064453125
353.0501708984375 139.05740356445312 3080.81982421875
339.9759521484375 201.1549530029297 3018.617919921875
399.5486145019531 131.64524841308594 2967.829345703125
420.9343566894531 171.78094482421875 2948.335693359375
425.31146240234375 258.4215393066406 2951.525390625
423.0805969238281 334.179443359375 3026.52294921875
380.57012939453125 173.54750061035156 2986.545166015625
379.08782958984375 263.96966552734375 2999.235107421875
382.40814208984375 340.1983642578125 3082.003662109375
400.7569580078125 45.0802001953125 2963.74169921875
398.6337585449219 90.86595153808594 2969.122314453125
428.3265380859375 89.05126953125 2941.718994140625
441.7839660644531 138.73953247070312 3004.9287109375
456.463134765625 195.54953002929688 2948.853271484375
369.48406982421875 92.64743041992188 2996.525634765625
353.0166320800781 139.44651794433594 3080.49560546875
340.1923522949219 202.42648315429688 3016.9609375
399.3572692871094 132.2194061279297 2967.4501953125
420.83917236328125 172.89013671875 2946.597900390625
425.0107421875 259.48687744140625 2951.26416015625
423.0537414550781 335.2134704589844 3025.713134765625
379.59075927734375 174.3394775390625 2984.958251953125
378.71270751953125 265.4020690917969 3000.32861328125
382.5250244140625 339.1912841796875 3083.038818359375
400.58282470703125 45.03126525878906 2964.077880859375
398.6954040527344 91.02357482910156 2970.267333984375
428.32666015625 89.19041442871094 2942.896240234375
441.6703186035156 138.36810302734375 3003.858154296875
456.44512939453125 195.4188690185547 2945.48779296875
369.6052551269531 92.82328796386719 2997.638427734375
352.9028625488281 140.02719116210938 3082.22900390625
341.27191162109375 205.27333068847656 3006.871337890625
399.43316650390625 132.26870727539062 2967.52099609375
420.6279296875 172.85519409179688 2945.869140625
424.89990234375 259.13690185546875 2951.490478515625
423.328125 335.03253173828125 3025.649658203125
379.9758605957031 174.31594848632812 2983.68017578125
378.8848876953125 265.1130065917969 2999.333251953125
381.9488220214844 341.168212890625 3084.7626953125
400.4774169921875 45.084930419921875 2963.555908203125
398.7403564453125 91.20542907714844 2970.490234375
428.3532409667969 89.53401184082031 2944.15234375
441.56280517578125 138.45571899414062 3004.395751953125
456.844970703125 195.77606201171875 2943.9931640625
369.64794921875 92.84747314453125 2996.828125
352.607177734375 140.56890869140625 3079.501953125
340.9504089355469 207.87075805664062 3000.73095703125
399.3217468261719 132.57318115234375 2967.488037109375
420.41357421875 173.3804931640625 2946.23828125
424.18902587890625 260.58404541015625 2950.1884765625
424.01171875 338.25018310546875 3026.750244140625
379.64605712890625 174.66107177734375 2982.7333984375
378.75970458984375 265.0889587402344 3001.638916015625
381.00164794921875 343.51702880859375 3097.968505859375
400.47607421875 45.25764465332031 2962.643310546875
398.4608154296875 91.66563415527344 2969.136962890625
428.1259765625 89.9661865234375 2942.440673828125
441.6099853515625 138.84573364257812 3003.129150390625
457.50396728515625 196.2212677001953 2936.696044921875
369.3243408203125 93.33476257324219 2995.833251953125
351.5462646484375 142.59266662597656 3081.33154296875
340.9850158691406 207.41746520996094 3006.89306640625
399.06884765625 132.90383911132812 2966.8271484375
420.2388000488281 173.5477294921875 2945.99853515625
424.2978515625 260.5753173828125 2950.99658203125
423.74761962890625 337.34893798828125 3028.332275390625
379.3720703125 174.8567352294922 2983.0361328125
378.79815673828125 265.0530700683594 3002.889892578125
380.91546630859375 344.63336181640625 3104.13623046875
400.3473205566406 45.20124816894531 2960.567626953125
398.36322021484375 92.11500549316406 2969.763916015625
428.080322265625 90.46453857421875 2942.975341796875
441.6440124511719 139.1349334716797 3004.6484375
457.0384521484375 196.60360717773438 2949.977294921875
369.1774597167969 93.7359619140625 2996.552490234375
351.8563232421875 141.87905883789062 3082.30126953125
340.4785461425781 206.14674377441406 3011.6416015625
398.89129638671875 133.511962890625 2966.6943359375
419.84124755859375 174.37911987304688 2945.208251953125
423.79193115234375 260.66058349609375 2950.2978515625
424.14324951171875 338.4490966796875 3033.668701171875
379.251953125 175.60260009765625 2982.041259765625
378.8265075683594 265.1361389160156 3001.74072265625
381.4734802246094 343.24072265625 3097.11279296875
400.1756591796875 45.31370544433594 2959.997802734375
398.1363830566406 92.015625 2969.9365234375
427.78521728515625 90.1907958984375 2942.422119140625
441.4881591796875 138.6136474609375 3004.927734375
457.0137023925781 196.35614013671875 2944.96484375
369.0318603515625 93.80694580078125 2997.450927734375
351.9601745605469 141.75030517578125 3083.3671875
339.86822509765625 205.29000854492188 3011.427001953125
398.86834716796875 133.333984375 2967.37353515625
419.978759765625 174.00148010253906 2945.88671875
423.61328125 260.7861633300781 2949.203369140625
423.72552490234375 337.7717590332031 3036.0
379.48284912109375 175.43690490722656 2983.734375
378.9496154785156 265.1383361816406 3001.4794921875
381.9315185546875 342.6351318359375 3094.3369140625
399.880615234375 45.2010498046875 2960.262939453125
397.739013671875 91.85905456542969 2969.966796875
427.360595703125 89.90670776367188 2942.37255859375
440.9309997558594 137.9312744140625 3005.612060546875
457.69482421875 196.0074462890625 2932.0439453125
368.6627502441406 93.77546691894531 2997.56103515625
351.71697998046875 142.04141235351562 3084.716552734375
339.9855041503906 207.58526611328125 3016.184814453125
398.6469421386719 133.13674926757812 2967.56005859375
419.9251708984375 173.6722412109375 2946.1650390625
423.7998352050781 260.38995361328125 2949.66162109375
422.3251647949219 335.65863037109375 3042.893798828125
379.44671630859375 175.2803955078125 2984.1416015625
379.093994140625 264.9103088378906 2999.807861328125
382.11163330078125 341.914306640625 3084.104248046875
399.69537353515625 45.13966369628906 2960.217529296875
397.603515625 91.70045471191406 2969.997314453125
427.2376708984375 89.82060241699219 2942.017578125
440.9285888671875 137.5938720703125 3004.76318359375
457.2867431640625 195.95938110351562 2930.31201171875
368.5225524902344 93.54522705078125 2997.97705078125
351.6693115234375 142.35079956054688 3086.54345703125
339.7098388671875 208.99729919433594 3012.65625
398.3742980957031 133.12278747558594 2967.149658203125
419.64276123046875 173.87034606933594 2944.9404296875
423.6354675292969 260.53228759765625 2950.10498046875
422.88531494140625 335.9216613769531 3037.708984375
378.91632080078125 175.3692626953125 2983.66357421875
378.92230224609375 264.8984069824219 2998.97119140625
381.94317626953125 342.055419921875 3086.13330078125
399.311767578125 44.982696533203125 2960.053466796875
396.7436218261719 91.95191955566406 2971.282958984375
426.9945983886719 89.7529296875 2942.66357421875
440.6932373046875 137.3006591796875 3004.20166015625
456.93658447265625 194.79721069335938 2927.83349609375
367.0698547363281 94.10894775390625 2999.90234375
351.16705322265625 143.77001953125 3089.99609375
339.6485595703125 207.0531463623047 3023.975830078125
397.8924560546875 133.2463836669922 2967.883544921875
419.5241394042969 173.6919403076172 2945.106689453125
423.6827392578125 260.251220703125 2950.06201171875
423.769287109375 334.12738037109375 3032.0361328125
378.8297424316406 175.56692504882812 2983.861572265625
378.95648193359375 265.2153625488281 2997.906005859375
382.62200927734375 341.02130126953125 3080.896240234375
399.0406799316406 44.797943115234375 2960.01025390625
396.8834533691406 91.78564453125 2971.371337890625
426.9616394042969 89.7772216796875 2943.065185546875
440.6336669921875 137.22738647460938 3004.10400390625
456.7643127441406 195.71392822265625 2925.713134765625
367.3729248046875 93.75614929199219 2999.677490234375
351.24652099609375 143.5637969970703 3089.59765625
339.8487854003906 207.9915008544922 3021.35302734375
397.7865905761719 133.1348114013672 2967.63720703125
419.2555847167969 173.760009765625 2944.55224609375
423.52215576171875 260.4156799316406 2950.0439453125
424.23638916015625 333.0678405761719 3031.130615234375
378.3951416015625 175.40557861328125 2983.25390625
378.60955810546875 265.2864685058594 2997.896728515625
382.476806640625 340.9460754394531 3083.7568359375
398.7823181152344 44.678497314453125 2960.02587890625
396.88299560546875 92.20413208007812 2972.04443359375
426.91632080078125 90.29031372070312 2944.627197265625
440.2875061035156 137.17123413085938 3004.544677734375
455.9273376464844 195.151123046875 2927.9599609375
367.398681640625 94.08293151855469 2999.461669921875
351.2595520019531 143.65530395507812 3089.930419921875
339.5799255371094 208.43711853027344 3013.803955078125
397.7067565917969 133.269775390625 2967.67822265625
419.02392578125 173.6736297607422 2944.615478515625
423.451171875 260.3907775878906 2950.25732421875
423.8194885253906 332.5338134765625 3032.673828125
378.2989196777344 175.22946166992188 2982.008544921875
378.4855041503906 265.1476745605469 2998.680419921875
382.9805908203125 340.21728515625 3084.521728515625
398.51080322265625 44.81019592285156 2959.58837890625
396.8345947265625 92.657470703125 2972.2666015625
426.964599609375 90.7415771484375 2944.107177734375
440.0677490234375 137.3821258544922 3005.09228515625
456.15570068359375 195.2459716796875 2932.20947265625
367.2701416015625 94.53736877441406 3000.426025390625
350.7836608886719 143.71542358398438 3093.97265625
339.67437744140625 207.67930603027344 3020.14404296875
397.613525390625 133.63134765625 2968.07421875
418.83746337890625 173.9541778564453 2944.781005859375
423.39093017578125 260.67120361328125 2949.884521484375
423.3998107910156 333.74505615234375 3034.452880859375
378.21368408203125 175.47828674316406 2982.982666015625
378.3645935058594 265.20001220703125 3000.77587890625
383.0698547363281 340.3558654785156 3087.89013671875
398.4736328125 44.87181091308594 2959.176513671875
396.98309326171875 92.64700317382812 2971.53857421875
427.04022216796875 90.8546142578125 2943.97607421875
439.59710693359375 137.09857177734375 3009.345458984375
455.3499450683594 194.94371032714844 2928.537841796875
367.47845458984375 94.40647888183594 2999.10107421875
350.8987121582031 143.150390625 3091.8447265625
339.00006103515625 209.67098999023438 3011.35595703125
397.6417236328125 133.70547485351562 2967.80517578125
418.81689453125 174.16966247558594 2945.259033203125
423.3096923828125 260.9339294433594 2950.93701171875
422.95806884765625 337.4101257324219 3026.9248046875
378.0459289550781 175.5562286376953 2982.884521484375
378.307861328125 265.2826843261719 3001.659912109375
383.3114013671875 340.3231506347656 3086.026123046875
398.27313232421875 45.09022521972656 2959.185302734375
396.9764709472656 92.80860900878906 2971.9931640625
426.9476013183594 91.44923400878906 2945.6630859375
438.6815185546875 138.19749450683594 3020.91064453125
455.0478820800781 195.3491668701172 2930.186279296875
367.53173828125 94.14411926269531 2998.3232421875
350.3978576660156 143.07855224609375 3092.314697265625
339.31903076171875 207.835693359375 3012.2236328125
397.1056823730469 134.8723602294922 2967.058349609375
418.8100891113281 176.6399383544922 2943.187255859375
423.170166015625 263.9956359863281 2951.163818359375
423.61273193359375 342.73876953125 3020.91162109375
375.9346008300781 177.5070037841797 2981.059814453125
378.287109375 263.1910095214844 3003.773193359375
383.242431640625 338.67822265625 3087.231201171875
398.02099609375 45.3321533203125 2959.18115234375
396.5908203125 92.91111755371094 2972.202880859375
426.446533203125 91.30406188964844 2944.750732421875
438.8443908691406 137.89797973632812 3017.210205078125
453.50897216796875 196.49444580078125 2940.315185546875
367.28155517578125 94.48876953125 2999.655029296875
350.3895263671875 143.11184692382812 3093.409912109375
337.8766174316406 207.5819091796875 3015.7333984375
396.99951171875 134.58444213867188 2967.771240234375
418.52703857421875 175.79627990722656 2943.932373046875
423.16571044921875 263.2404479980469 2951.181884765625
422.9500427246094 341.2481689453125 3027.704833984375
376.566650390625 176.96096801757812 2982.746826171875
378.12445068359375 265.0026550292969 3003.57568359375
382.3811340332031 343.20440673828125 3082.411865234375
397.09991455078125 45.754791259765625 2959.986328125
396.3173828125 92.78079223632812 2971.464599609375
426.05364990234375 91.11439514160156 2943.492919921875
438.5340270996094 137.61395263671875 3017.4072265625
452.7826232910156 196.52781677246094 2939.554443359375
367.1357116699219 94.41609191894531 2999.436279296875
350.27740478515625 143.02548217773438 3093.612060546875
336.7179260253906 206.6331024169922 3014.979736328125
396.78662109375 134.33059692382812 2967.961669921875
418.3392028808594 175.35792541503906 2944.6259765625
422.9930725097656 263.2316589355469 2952.05126953125
423.0160217285156 341.6893310546875 3031.07275390625
376.4549865722656 176.59109497070312 2984.29150390625
377.8915100097656 265.5972900390625 3002.30078125
381.5427551269531 345.3332214355469 3082.0146484375
396.56671142578125 45.657318115234375 2958.596923828125
395.7491455078125 92.51945495605469 2971.151123046875
425.6220703125 90.73223876953125 2942.034912109375
437.7958068847656 139.64813232421875 2996.546630859375
452.0003356933594 193.70364379882812 2941.259033203125
366.4560546875 94.27197265625 3000.267333984375
349.6266784667969 143.04269409179688 3095.17626953125
336.5261535644531 204.65756225585938 3020.795654296875
396.3043212890625 133.9401397705078 2967.831787109375
417.49151611328125 174.786376953125 2944.3955078125
422.96807861328125 263.0447082519531 2952.35009765625
421.5074462890625 342.1770935058594 3057.38134765625
376.50811767578125 176.11178588867188 2984.62939453125
377.4075012207031 266.292236328125 3000.51953125
381.21533203125 346.1705322265625 3082.376953125
396.5700378417969 45.480499267578125 2957.477294921875
394.5466003417969 91.78273010253906 2967.889892578125
423.6800842285156 89.69174194335938 2937.509521484375
437.8342590332031 138.57174682617188 3006.806396484375
451.5228576660156 193.84703063964844 2934.88671875
366.0035095214844 93.83132934570312 2998.270263671875
347.3767395019531 140.5162353515625 3093.421142578125
335.1998291015625 206.24899291992188 3009.409423828125
395.4902648925781 133.42733764648438 2966.19189453125
417.01190185546875 174.25213623046875 2943.010498046875
422.8177490234375 262.7657165527344 2951.982666015625
421.4236755371094 342.18255615234375 3054.6328125
376.1541748046875 175.97470092773438 2985.977294921875
377.231201171875 266.30181884765625 2999.93017578125
381.24542236328125 345.3652038574219 3083.9296875
395.6980895996094 45.318145751953125 2955.900634765625
393.05657958984375 91.4990234375 2967.632568359375
422.3542175292969 89.18098449707031 2937.845458984375
437.47650146484375 137.15863037109375 3012.09521484375
451.56536865234375 194.29855346679688 2937.488525390625
364.3412170410156 93.77102661132812 2997.419677734375
347.8746643066406 142.0936737060547 3094.62841796875
332.9510803222656 207.30300903320312 3000.700927734375
394.3636474609375 133.17674255371094 2966.03369140625
416.4365234375 173.85678100585938 2943.303466796875
422.76904296875 262.6680603027344 2951.7060546875
421.7749938964844 343.03009033203125 3055.69970703125
375.2016906738281 175.9272918701172 2985.566162109375
376.409912109375 266.8301696777344 3000.443603515625
380.59063720703125 344.6632080078125 3063.844970703125
388.9761047363281 44.80381774902344 2953.931640625
392.03302001953125 91.24266052246094 2965.3935546875
421.3486328125 88.76995849609375 2937.01611328125
437.4170227050781 136.48171997070312 3012.830322265625
449.51409912109375 193.91622924804688 2942.5869140625
363.2731628417969 93.66847229003906 2993.77099609375
345.9669494628906 142.10723876953125 3093.316162109375
332.2361755371094 203.84378051757812 3015.691162109375
393.6819763183594 133.14532470703125 2964.72021484375
416.2237548828125 173.88330078125 2943.798583984375
422.5177307128906 263.4791259765625 2952.793212890625
422.00543212890625 343.0849304199219 3048.995361328125
374.72308349609375 176.23468017578125 2984.295166015625
375.74658203125 267.0450439453125 3000.843505859375
380.9866943359375 344.34014892578125 3073.138671875
387.9885559082031 44.78654479980469 2950.3916015625
390.8922119140625 91.18626403808594 2963.8427734375
420.41278076171875 88.54585266113281 2935.6923828125
436.1911315917969 135.66668701171875 3012.22119140625
449.1221923828125 193.59259033203125 2948.8798828125
361.9271240234375 93.77700805664062 2991.9931640625
344.7017517089844 142.39743041992188 3092.37060546875
331.6413269042969 204.2102813720703 3012.45361328125
392.79791259765625 133.14361572265625 2963.753173828125
415.3660888671875 173.82022094726562 2943.929443359375
422.4053649902344 263.0936584472656 2953.30810546875
421.84014892578125 342.9564208984375 3050.3271484375
374.3147277832031 176.36984252929688 2983.397705078125
374.28643798828125 267.0086364746094 2998.863525390625
382.52423095703125 338.7380676269531 3062.9853515625
387.3170471191406 44.93995666503906 2950.646484375
389.55120849609375 91.36848449707031 2962.67333984375
418.85491943359375 88.95657348632812 2932.39794921875
433.5165100097656 133.72015380859375 3009.329345703125
448.6883544921875 194.6790771484375 2961.16748046875
360.84033203125 93.73158264160156 2992.94873046875
345.039306640625 142.34371948242188 3092.65283203125
329.19244384765625 207.20297241210938 2991.671142578125
390.9918212890625 133.17987060546875 2962.708740234375
413.31597900390625 173.88775634765625 2941.125732421875
420.3032531738281 263.330078125 2945.8115234375
421.90313720703125 343.3333740234375 3039.1884765625
371.8513488769531 176.0767364501953 2984.362548828125
373.29522705078125 266.3145751953125 2999.2587890625
381.6058654785156 339.20196533203125 3064.26513671875
386.79986572265625 44.93980407714844 2950.184814453125
388.46563720703125 91.40483093261719 2962.7080078125
417.3161926269531 88.93698120117188 2932.64208984375
430.48974609375 131.1400146484375 3009.020263671875
448.6953125 193.46868896484375 2952.395751953125
360.19476318359375 93.82313537597656 2992.77392578125
342.787109375 142.32020568847656 3088.671142578125
329.0683288574219 205.79611206054688 2984.531005859375
390.031494140625 133.0756378173828 2963.200439453125
412.1609802246094 173.58372497558594 2942.21630859375
421.0035705566406 263.3399963378906 2948.210693359375
422.17181396484375 342.98406982421875 3039.798095703125
371.3285217285156 175.86489868164062 2985.16943359375
373.0900573730469 266.868896484375 2997.8701171875
381.32672119140625 341.48382568359375 3068.29736328125
386.0494384765625 45.32855224609375 2950.956298828125
387.2104797363281 91.50537109375 2960.6376953125
415.9983215332031 89.3935546875 2932.872802734375
430.00067138671875 132.39700317382812 3009.056396484375
448.3648681640625 194.01153564453125 2957.398681640625
358.95758056640625 93.57795715332031 2988.402587890625
341.3507385253906 141.94390869140625 3085.68115234375
328.0574645996094 204.31289672851562 2997.048095703125
388.4635009765625 133.4186248779297 2963.2705078125
409.6153259277344 174.34642028808594 2946.63525390625
421.1147766113281 264.3164367675781 2947.203369140625
421.9222717285156 344.10479736328125 3036.815673828125
370.0700988769531 176.15676879882812 2985.17138671875
372.4830627441406 266.9064636230469 2998.780029296875
380.84344482421875 340.8949279785156 3069.65087890625
385.597900390625 45.908111572265625 2952.015380859375
386.510498046875 91.91249084472656 2960.59912109375
415.5130920410156 89.71731567382812 2933.56298828125
430.73565673828125 133.50759887695312 3009.677978515625
448.6557312011719 192.75271606445312 2952.572265625
358.03277587890625 94.06797790527344 2987.63525390625
340.5960693359375 142.23501586914062 3085.7265625
326.97833251953125 204.4677276611328 2996.071533203125
387.92303466796875 133.98458862304688 2962.652587890625
409.52825927734375 175.0103759765625 2945.81884765625
420.46917724609375 265.40179443359375 2944.513916015625
422.12933349609375 344.8145751953125 3032.556640625
369.39459228515625 176.9739532470703 2983.59326171875
371.84588623046875 268.1001281738281 3000.88134765625
380.66162109375 342.1719055175781 3072.148681640625
385.18524169921875 46.30195617675781 2953.31494140625
385.685302734375 92.23216247558594 2960.84814453125
414.8893127441406 89.70684814453125 2934.17431640625
430.9956359863281 134.06317138671875 3010.414306640625
448.28314208984375 189.7941131591797 2951.66796875
357.0027770996094 94.71240234375 2987.52197265625
337.9510498046875 143.76846313476562 3080.259521484375
321.8258361816406 219.41148376464844 2887.65478515625
387.5692443847656 134.10704040527344 2961.826416015625
410.2408752441406 174.69985961914062 2943.777099609375
419.98907470703125 266.3538818359375 2940.80078125
420.55902099609375 349.321533203125 3053.30322265625
368.9283142089844 177.19264221191406 2981.832275390625
371.9902648925781 268.52093505859375 3001.1298828125
380.32025146484375 341.73858642578125 3074.3037109375
384.72357177734375 46.80949401855469 2952.9873046875
385.1671447753906 92.78131103515625 2963.18505859375
414.7633056640625 90.35118103027344 2936.959228515625
431.0366516113281 134.65545654296875 3011.7880859375
448.02850341796875 194.79579162597656 2962.87890625
356.09027099609375 95.16879272460938 2989.410888671875
338.70196533203125 143.435791015625 3081.850341796875
326.6441955566406 207.02593994140625 2990.568603515625
386.9169006347656 134.90899658203125 2963.010498046875
409.0343017578125 175.8883056640625 2944.759033203125
419.70147705078125 266.1971130371094 2937.903076171875
421.5066833496094 349.2745056152344 3043.784912109375
368.54638671875 178.18099975585938 2980.912841796875
371.7452087402344 269.2300109863281 3002.563232421875
380.2010803222656 342.34222412109375 3073.942138671875
384.7645263671875 46.60052490234375 2951.15673828125
384.7381286621094 92.86367797851562 2963.990478515625
414.7713317871094 90.2059326171875 2936.781494140625
430.12884521484375 134.48915100097656 3012.278564453125
447.8619384765625 195.09718322753906 2964.080810546875
355.25128173828125 95.47305297851562 2991.199462890625
338.7640380859375 143.3999481201172 3083.671875
325.28125 205.59429931640625 3001.267333984375
386.69482421875 134.7978973388672 2962.794677734375
409.1474304199219 175.484375 2943.014892578125
419.65777587890625 265.9622802734375 2939.51123046875
421.77093505859375 347.4326477050781 3041.640380859375
368.4144592285156 178.03158569335938 2980.182861328125
371.3965759277344 269.0010070800781 3001.892578125
380.50714111328125 341.10009765625 3075.914794921875
384.46661376953125 46.66517639160156 2952.02001953125
384.08953857421875 92.88887023925781 2964.432861328125
414.15863037109375 89.97331237792969 2936.16259765625
429.6875305175781 134.16964721679688 3011.87548828125
446.74310302734375 194.04513549804688 2962.43359375
354.58856201171875 95.74935913085938 2992.703125
338.8407287597656 143.55859375 3085.419189453125
325.5904846191406 205.6448211669922 2996.8095703125
386.3210754394531 134.64813232421875 2962.837646484375
409.1947021484375 175.0054473876953 2941.827880859375
419.0166320800781 266.30670166015625 2940.615966796875
421.54296875 346.17279052734375 3051.14892578125
368.1841735839844 177.88047790527344 2980.656982421875
371.0867614746094 268.8803405761719 3002.38720703125
380.9216613769531 341.16131591796875 3075.987060546875
383.1781921386719 46.27980041503906 2951.978515625
382.9284973144531 93.19134521484375 2967.42626953125
413.11572265625 89.87193298339844 2939.1845703125
429.0108642578125 133.710693359375 3010.746337890625
445.8709716796875 194.12303161621094 2970.34619140625
353.3104248046875 96.44816589355469 2995.66796875
338.0566101074219 144.37660217285156 3089.2841796875
325.4983215332031 205.81289672851562 2997.04150390625
385.67901611328125 134.6990966796875 2964.27783203125
409.10772705078125 174.5718231201172 2941.80615234375
419.18341064453125 265.7926330566406 2942.876953125
421.36016845703125 346.8980407714844 3049.443359375
368.0311279296875 177.99606323242188 2980.45263671875
370.84320068359375 268.9608459472656 3001.8330078125
381.058349609375 340.9952392578125 3074.2265625
383.1311950683594 46.159454345703125 2952.017333984375
383.0314025878906 93.01707458496094 2966.22607421875
413.022705078125 89.86668395996094 2938.863037109375
428.84552001953125 133.94552612304688 3010.27099609375
446.1907043457031 194.36866760253906 2959.9375
353.58837890625 96.10989379882812 2993.589111328125
338.1536560058594 143.9306640625 3088.571044921875
325.7923583984375 205.92678833007812 2989.069091796875
385.64111328125 134.6143798828125 2963.973876953125
408.81573486328125 174.64923095703125 2942.966796875
418.67376708984375 266.4649353027344 2943.20849609375
420.511962890625 347.4736328125 3052.6259765625
367.95263671875 177.88021850585938 2980.4765625
370.1202697753906 268.7825622558594 3003.141845703125
381.0406494140625 340.33123779296875 3074.323486328125
382.8667907714844 45.99794006347656 2952.423095703125
382.8187561035156 93.02462768554688 2966.4453125
412.5786437988281 89.84672546386719 2940.042724609375
428.6019287109375 133.87118530273438 3009.966552734375
444.87652587890625 195.2049560546875 2975.27001953125
353.5839538574219 96.146484375 2992.847900390625
337.9850158691406 144.04791259765625 3087.5322265625
325.1319885253906 205.80865478515625 3000.417724609375
385.54229736328125 134.50875854492188 2964.00439453125
408.7593688964844 174.38946533203125 2943.39501953125
418.96905517578125 266.18017578125 2944.162841796875
420.1520080566406 347.7986145019531 3051.57080078125
368.0310974121094 177.712646484375 2979.73193359375
370.0566711425781 268.6355285644531 3002.759521484375
380.9272766113281 340.4827880859375 3075.009765625
382.1467590332031 45.92875671386719 2953.76953125
382.2543640136719 93.13999938964844 2967.07373046875
412.02606201171875 89.84407043457031 2941.63330078125
428.283935546875 133.66856384277344 3010.05712890625
444.34210205078125 194.171630859375 2978.516357421875
352.9888610839844 96.3798828125 2992.51416015625
337.96368408203125 144.41778564453125 3087.94189453125
325.1281433105469 205.39927673339844 2996.32666015625
385.19671630859375 134.46141052246094 2964.5283203125
407.9302978515625 174.14170837402344 2945.084228515625
418.5722961425781 266.0166320800781 2943.6484375
420.4700012207031 346.91845703125 3049.244140625
368.5823974609375 177.54652404785156 2978.881591796875
369.9405517578125 268.84112548828125 3000.95068359375
380.87103271484375 340.59130859375 3074.5703125
382.46722412109375 46.0350341796875 2953.842041015625
382.5251159667969 93.08596801757812 2967.0068359375
412.38958740234375 90.03465270996094 2941.903076171875
428.092041015625 134.344970703125 3011.072265625
444.54632568359375 194.4754180908203 2985.857666015625
353.1617736816406 96.08607482910156 2992.110595703125
337.9361572265625 144.45809936523438 3089.048583984375
325.867431640625 206.83056640625 2995.810546875
385.1317138671875 134.37034606933594 2964.27880859375
407.53436279296875 174.17832946777344 2944.922119140625
418.3766784667969 265.7953186035156 2944.68408203125
420.24359130859375 347.02337646484375 3048.78271484375
368.1728820800781 177.26588439941406 2978.179443359375
370.99542236328125 265.0572814941406 2994.936279296875
380.6502990722656 340.9413757324219 3074.993896484375
382.2904357910156 46.22100830078125 2955.425537109375
382.22613525390625 93.25126647949219 2968.709716796875
411.95220947265625 90.14921569824219 2943.802001953125
428.0660095214844 134.02407836914062 3012.968017578125
444.5394592285156 193.70703125 2977.489013671875
352.99468994140625 96.30169677734375 2993.617431640625
337.4550476074219 144.84548950195312 3091.649658203125
325.7373962402344 206.57467651367188 3003.497802734375
384.9109802246094 134.43670654296875 2965.033447265625
407.3879089355469 174.1266326904297 2944.798583984375
417.9930725097656 265.9638671875 2945.49169921875
420.2489318847656 347.0085754394531 3051.485107421875
368.0371398925781 177.304443359375 2977.915771484375
370.78656005859375 267.07855224609375 2996.374755859375
380.7742919921875 341.2026062011719 3075.264892578125
382.21990966796875 46.288970947265625 2955.580322265625
381.972900390625 93.28828430175781 2968.8916015625
412.0167236328125 90.07217407226562 2943.114501953125
427.2319030761719 133.85983276367188 3015.1298828125
444.3455810546875 191.9444580078125 2981.163330078125
352.4462890625 96.44902038574219 2994.668701171875
336.92218017578125 145.04786682128906 3092.557373046875
326.7221374511719 207.90435791015625 3007.41259765625
384.7393493652344 134.612060546875 2965.254638671875
407.2961730957031 174.39942932128906 2944.662109375
417.754150390625 266.1095886230469 2946.369140625
420.29852294921875 346.6483459472656 3054.71435546875
367.9543151855469 177.6565704345703 2978.5732421875
370.6457824707031 267.9881591796875 3000.1884765625
380.3995361328125 342.531005859375 3082.642822265625
382.2823486328125 46.462493896484375 2955.455078125
382.0882568359375 93.17591857910156 2968.825927734375
411.97894287109375 90.04254150390625 2942.66064453125
426.5247497558594 133.79635620117188 3018.227783203125
445.07025146484375 194.15005493164062 2978.1220703125
352.71978759765625 96.25457763671875 2994.9912109375
337.04718017578125 144.945068359375 3092.913330078125
325.9268493652344 208.43905639648438 3001.21826171875
384.73663330078125 134.6517333984375 2965.318603515625
407.1737060546875 174.64324951171875 2944.510986328125
417.852783203125 266.3109436035156 2946.474853515625
420.5140686035156 346.8681640625 3056.624267578125
367.838623046875 177.7899169921875 2979.111572265625
370.6557922363281 268.4360046386719 3001.44287109375
380.3982238769531 343.467041015625 3086.080810546875
382.0736389160156 46.52662658691406 2956.461181640625
382.01470947265625 93.22988891601562 2969.775146484375
411.88409423828125 90.01821899414062 2943.536865234375
426.01318359375 133.38108825683594 3020.009521484375
444.48291015625 193.71319580078125 2977.870849609375
352.6684875488281 96.38529968261719 2996.013427734375
337.0223083496094 145.04908752441406 3094.32568359375
326.0711975097656 207.14495849609375 3007.292236328125
384.755859375 134.671630859375 2965.4755859375
407.4377746582031 174.5869140625 2943.694091796875
417.8999328613281 266.2957763671875 2944.87060546875
420.96044921875 346.7198486328125 3055.053955078125
367.8061218261719 177.86117553710938 2978.657958984375
370.5697326660156 268.65191650390625 3001.92919921875
381.1334228515625 342.7018737792969 3085.047607421875
531.951171875 116.58436584472656 1005.2123413085938
540.1810302734375 229.98146057128906 1061.1390380859375
617.0552978515625 215.01678466796875 1070.5426025390625
634.05419921875 370.39263916015625 1018.26123046875
615.839599609375 485.21063232421875 1134.9163818359375
461.9320373535156 245.2137451171875 1051.7354736328125
461.931884765625 399.0073547363281 1051.7359619140625
461.9774169921875 552.9623413085938 1051.2110595703125
548.2954711914062 334.9766540527344 1118.103271484375
601.1046142578125 419.88262939453125 1181.2169189453125
601.103515625 629.3193359375 1181.1982421875
600.91259765625 832.3055419921875 1178.0355224609375
509.6632385253906 439.8057861328125 1168.9180908203125
509.69512939453125 651.5147705078125 1168.71044921875
509.6960754394531 855.0827026367188 1168.64013671875
531.9490051269531 119.34268188476562 989.4976806640625
540.4623413085938 233.670166015625 1048.7496337890625
612.7546997070312 215.6659698486328 1073.99560546875
626.1124267578125 370.10260009765625 1032.0987548828125
610.693603515625 488.521240234375 1137.6207275390625
464.6035461425781 252.56256103515625 1023.5036010742188
464.60345458984375 410.5983581542969 1023.5039672851562
464.6468505859375 568.790771484375 1023.0315551757812
548.7684936523438 338.6817321777344 1109.2783203125
598.7955322265625 419.39544677734375 1186.316650390625
598.794677734375 627.9306640625 1186.3016357421875
598.6185913085938 829.878662109375 1183.4547119140625
512.4156188964844 446.64141845703125 1153.29736328125
512.44189453125 661.2041015625 1153.1312255859375
512.4429016113281 867.5192260742188 1153.06787109375
